account_id;reputation;creation_date;presence;presence_factor;activity;activity_factor;frequency_factor;creation_date_int;regularity_factor
9;163764;2008-08-01 08:18:04;285079316.0;0.9995417972721854;105;0.000805591572744919;0.031822722627831763;1217578684;0.020309184601394362
55;107967;2008-08-01 18:49:18;285041442.0;0.9994090038918692;202;0.001549804739947368;0.06122899139697729;1217616558;0.026371627765989693
75;104002;2008-08-01 21:55:22;285030278.0;0.9993698608043196;205;0.0015728216420257946;0.06214076667321637;1217627722;0.03214069132807762
36;58989;2008-08-01 17:04:45;285047715.0;0.999430998211844;272;0.0020868657884439805;0.08244514431557537;1217610285;0.04274022431039709
63;48707;2008-08-01 20:02:03;285037077.0;0.9993936993794048;318;0.0024397916203131834;0.09639167047731127;1217620923;0.044255835101545925
49;47906;2008-08-01 18:04:09;285044151.0;0.999418502156306;718;0.005508711897436684;0.2176336535317997;1217613849;0.05244013337374962
1;41516;2008-07-31 18:22:31;285129449.0;0.999717573016374;1895;0.014539009812872587;0.5742233942310182;1217528551;0.16090909090909092
34;1762;2008-08-01 17:02:27;285047853.0;0.9994314820658462;60;0.0004603380415685252;0.018186420088559658;1217610147;0.004546832373446499
20;1246;2008-08-01 16:21:40;285050300.0;0.9994400617089162;302;0.0023170348092282434;0.0915375286396822;1217607700;0.03485904819642316
72;1180;2008-08-01 20:59:16;285033644.0;0.9993816626345501;483;0.003705721234626628;0.14640797982430453;1217624356;0.05122764474083055
13;1097;2008-08-01 16:05:14;285051286.0;0.9994435188107008;4605;0.035330944690384315;1.3957909314606636;1217606714;0.31979387693240374
124;2894;2008-08-02 21:25:04;284945696.0;0.9990733003751622;6;4.603380415685252e-05;0.0018192940173414657;1217712304;0.0006066120715802245
140;2790;2008-08-03 03:47:08;284922772.0;0.9989929245117632;37;0.00028387512563392384;0.011219882417822328;1217735228;0.006672732787382469
106;2681;2008-08-02 12:58:50;284976070.0;0.9991797973423092;768;0.005892326932077122;0.23284481395227324;1217681930;0.0861127956337174
139;2662;2008-08-03 03:13:02;284924818.0;0.9990000981732758;144;0.0011048112997644602;0.04366625584718282;1217733182;0.021231422505307854
85;2564;2008-08-02 02:31:22;285013718.0;0.999311798324042;360;0.002762028249411151;0.10913158923810116;1217644282;0.05154639175257732
112;2297;2008-08-02 15:34:21;284966739.0;0.9991470810981382;1049;0.008048243426756382;0.3180497496586786;1217691261;0.16585809581564584
109;2210;2008-08-02 14:11:35;284971705.0;0.9991644928298448;95;0.0007288685658168316;0.02880285956811045;1217686295;0.010309278350515464
143;2161;2008-08-03 05:39:56;284916004.0;0.9989691946285192;258;0.0019794535787446576;0.07823779530475235;1217741996;0.021534728541097968
123;2058;2008-08-02 20:20:32;284949568.0;0.9990868763367344;492;0.0037747719408619054;0.14918008228038446;1217708432;0.04093389933292905
133;1919;2008-08-03 00:09:15;284935845.0;0.9990387609130116;2388;0.0183214540544273;0.7241040522648177;1217722155;0.33424325144070366
147;1916;2008-08-03 07:43:40;284908580.0;0.9989431646856702;128;0.0009820544886795202;0.038816661821837725;1217749420;0.02032150439793752
92;1796;2008-08-02 07:35:55;284995445.0;0.9992477297429964;309;0.002370740914077905;0.0936772866668097;1217662555;0.027895694360218316
87;1756;2008-08-02 03:29:32;285010228.0;0.9992995617264472;25;0.00019180751732021884;0.00757867538704611;1217647772;0.005154639175257732
148;1752;2008-08-03 09:09:40;284903420.0;0.9989250727534098;138;0.0010587774956076078;0.0418499714745439;1217754580;0.022141340612678192
136;1426;2008-08-03 01:28:38;284931082.0;0.9990220609375547;540;0.004143042374116728;0.16374485953764778;1217726918;0.07885956930542917
150;1416;2008-08-03 10:30:23;284898577.0;0.9989080922828792;104;0.0007979192720521102;0.0315396450716565;1217759423;0.016985138004246284
144;1338;2008-08-03 06:15:39;284913861.0;0.9989616808667298;255;0.001956436676666232;0.07732863512737276;1217744139;0.029723991507430998
86;1325;2008-08-02 03:16:18;285011022.0;0.9993023456400548;409;0.00313797098335878;0.12398678392164075;1217646978;0.04487568223165555
94;1316;2008-08-02 09:39:54;284988006.0;0.9992216472073208;2;1.5344601385617504e-05;0.0006063413068688933;1217669994;0.0006064281382656155
137;1086;2008-08-03 01:53:24;284929596.0;0.9990168507415588;258;0.0019794535787446576;0.07823406312624681;1217728404;0.03548680618744313
101;945;2008-08-02 10:23:02;284985418.0;0.9992125731916832;323;0.002478153123777227;0.09792501032456334;1217672582;0.045178896300788356
153;941;2008-08-03 13:47:03;284886777.0;0.9988667192594929;6;4.603380415685252e-05;0.001819670275535463;1217771223;0.001516530178950561
146;933;2008-08-03 06:38:27;284912493.0;0.9989568844009676;265;0.0020331596835943197;0.08036151647446363;1217745507;0.02456778889899909
95;699;2008-08-02 09:40:36;284987964.0;0.9992214999474072;2485;0.01906566722162975;0.7533791848135734;1217670036;0.25712553062462096
142;621;2008-08-03 05:04:00;284918160.0;0.9989767539707584;133;0.0010204159921435641;0.04033158153204415;1217739840;0.01668183196845617
145;605;2008-08-03 06:21:57;284913483.0;0.998960355527506;117;0.000897659181058624;0.03548024436597127;1217744517;0.016985138004246284
108;436;2008-08-02 13:12:56;284975224.0;0.9991768311069036;125;0.0009590375866010939;0.03789803144430549;1217682776;0.022437841115827774
113;425;2008-08-02 15:49:27;284965833.0;0.9991439044914272;64;0.0004910272443397601;0.01940443154811475;1217692167;0.013947847180109158
131;366;2008-08-02 22:35:58;284941442.0;0.9990583850496124;165;0.001265929614313444;0.05003133240267662;1217716558;0.01880497421898696
159;358;2008-08-03 15:27:05;284880775.0;0.9988456751165808;141;0.001081794397686034;0.04276315240998625;1217777225;0.01637852593266606
100;129;2008-08-02 10:16:23;284985817.0;0.999213972160864;103;0.0007902469713593015;0.0312268171577114;1217672183;0.01607034566403881
190;76965;2008-08-04 00:25:38;284848462.0;0.9987323796500824;57;0.0004373211394900989;0.017289192876175682;1217809538;0.012742718446601941
210;39958;2008-08-04 13:58:18;284799702.0;0.998561417902598;970;0.007442131672024491;0.2942699708302363;1217858298;0.09010922330097088
189;32349;2008-08-04 00:19:32;284848828.0;0.9987336629150452;60;0.0004603380415685252;0.0181991270120304;1217809172;0.011225728155339806
203;28050;2008-08-04 09:46:02;284814838.0;0.998614487570562;130;0.0009973990900651378;0.0394361476349768;1217843162;0.02063106796116505
194;26066;2008-08-04 01:42:37;284843843.0;0.9987161845657586;902;0.006920415224913495;0.2735983308580765;1217814157;0.08555825242718447
171;24938;2008-08-03 17:52:08;284872072.0;0.9988151607587392;80;0.0006137840554247003;0.024263522750661216;1217785928;0.011525629360024265
214;24713;2008-08-04 14:11:11;284798929.0;0.9985587076189476;486;0.003728738136705053;0.1474387566956054;1217859071;0.0524878640776699
212;23262;2008-08-04 14:02:44;284799436.0;0.9985604852564776;400;0.0030689202771235014;0.12134855491778432;1217858564;0.026092233009708737
173;23064;2008-08-03 18:46:59;284868781.0;0.9988036218926404;11;8.439530762089628e-05;0.0033362729206890523;1217789219;0.0018198362147406734
232;21116;2008-08-04 16:43:38;284789782.0;0.9985266365134462;642;0.004925617044783219;0.1947710329017352;1217868218;0.06523058252427184
183;20115;2008-08-03 21:19:42;284859618.0;0.9987714946881244;50;0.0003836150346404377;0.015165364716595247;1217798382;0.009405339805825242
216;19668;2008-08-04 14:21:45;284798295.0;0.9985564846954876;164;0.0012582573136206356;0.049753106843564494;1217859705;0.011529126213592233
191;19394;2008-08-04 00:30:43;284848157.0;0.9987313102626136;382;0.0029308188646529434;0.11586804825281;1217809843;0.05157766990291262
197;17433;2008-08-04 04:23:06;284834214.0;0.9986824234774376;125;0.0009590375866010939;0.03791679324029521;1217823786;0.014259708737864078
170;17033;2008-08-03 17:51:13;284872127.0;0.9988153535991025;64;0.0004910272443397601;0.01941081445290013;1217785873;0.00940248710949348
206;16750;2008-08-04 12:10:58;284806142.0;0.9985839977560396;127;0.0009743821879867117;0.03852725900833979;1217851858;0.021237864077669904
196;15034;2008-08-04 03:49:51;284836209.0;0.9986894183233408;20;0.00015344601385617506;0.006066644427218873;1217821791;0.0027305825242718447
186;14882;2008-08-03 23:32:46;284851634.0;0.9987435012797587;162;0.001242912712235018;0.049137158890231264;1217806366;0.025182038834951456
198;14393;2008-08-04 04:38:47;284833273.0;0.998679124154132;156;0.0011968789080781654;0.04732031429488225;1217824727;0.02821601941747573
237;14305;2008-08-04 17:14:31;284787929.0;0.9985201395462991;15;0.0001150845103921313;0.004550754677527079;1217870071;0.003944174757281553
179;12396;2008-08-03 20:25:07;284862893.0;0.9987829774552084;158;0.001212223509463783;0.047922001550409016;1217795107;0.01880497421898696
184;10132;2008-08-03 21:53:19;284857601.0;0.9987644227060762;478;0.0036673597311625843;0.14498191326128596;1217800399;0.04217233009708738
172;9838;2008-08-03 17:54:19;284871941.0;0.9988147014480558;57;0.0004373211394900989;0.017287767909721932;1217786059;0.006066120715802244
166;8674;2008-08-03 17:26:47;284873593.0;0.99882049367133;77;0.0005907671533462738;0.02335351595751453;1217784407;0.010615711252653927
188;8297;2008-08-04 00:02:07;284849873.0;0.9987373268819466;1280;0.009820544886795205;0.3882466185968776;1217808127;0.14896844660194175
181;7442;2008-08-03 20:58:07;284860913.0;0.9987760352021318;147;0.0011278282018428866;0.04458596957456217;1217797087;0.018198362147406732
177;7061;2008-08-03 19:21:52;284866688.0;0.9987962834402719;83;0.0006368009575031265;0.0251738806328945;1217791312;0.007279344858962694
223;6737;2008-08-04 14:55:22;284796278.0;0.9985494127134392;138;0.0010587774956076078;0.04186571567483758;1217861722;0.013046116504854368
204;5871;2008-08-04 11:30:01;284808599.0;0.9985926124609936;276;0.002117554991215216;0.08372780907503427;1217849401;0.03853155339805825
207;5652;2008-08-04 12:21:41;284805499.0;0.9985817432768836;243;0.0018643690683525266;0.07371767776155193;1217852501;0.03671116504854369
242;5253;2008-08-04 17:31:09;284786931.0;0.9985166403702534;400;0.0030689202771235014;0.12135388333532765;1217871069;0.06462378640776699
243;5108;2008-08-04 17:38:16;284786504.0;0.9985151432277972;708;0.005431988890508597;0.21479669556251166;1217871496;0.11529126213592233
200;5003;2008-08-04 04:50:51;284832549.0;0.998676585673714;78;0.0005984394540390827;0.02366021728787745;1217825451;0.010922330097087379
217;4992;2008-08-04 14:25:01;284798099.0;0.9985557974825569;34;0.0002608582235554976;0.010314675590583909;1217859901;0.0057645631067961165
199;4248;2008-08-04 04:47:32;284832748.0;0.9986772834052102;762;0.0058462931279202705;0.2311419612466752;1217825252;0.0858616504854369
195;3795;2008-08-04 02:55:19;284839481.0;0.9987008905718592;58;0.00044499344018290773;0.017593066742036367;1217818519;0.009405339805825242
168;3776;2008-08-03 17:31:27;284873313.0;0.9988195119385715;54;0.0004143042374116726;0.016377806509379842;1217784687;0.005762814680012132
225;3750;2008-08-04 15:30:57;284794143.0;0.9985419270011572;877;0.006728607707593276;0.2660616514153523;1217863857;0.10345873786407767
224;3750;2008-08-04 15:28:54;284794266.0;0.9985423582623332;158;0.001212223509463783;0.04793354933627772;1217863734;0.027609223300970875
175;3343;2008-08-03 18:59:56;284868004.0;0.9988008975842362;56;0.0004296488387972901;0.016984708468698366;1217789996;0.00545950864422202
205;3204;2008-08-04 11:59:04;284806856.0;0.9985865011745731;129;0.0009897267893723288;0.039133889389235774;1217851144;0.021844660194174758
169;3077;2008-08-03 17:35:14;284873086.0;0.9988187160337996;541;0.004150714674809535;0.16408148855452073;1217784914;0.051258720048528966
230;2273;2008-08-04 16:34:49;284790311.0;0.9985284912871216;711;0.005455005792587023;0.2157039675412272;1217867689;0.08040048543689321
208;1775;2008-08-04 12:51:21;284803719.0;0.9985755022614916;245;0.0018797136697381446;0.07432487214115346;1217854281;0.030643203883495146
211;1265;2008-08-04 14:01:02;284799538.0;0.9985608428876968;7;5.3706104849661265e-05;0.0021235989505011066;1217858462;0.0012135922330097086
202;847;2008-08-04 09:45:21;284814879.0;0.9986146313242874;422;0.003237710892365293;0.1280157838944924;1217843121;0.050060679611650484
236;792;2008-08-04 17:03:39;284788581.0;0.9985224255811508;36;0.00027620282494111506;0.010921786221477749;1217869419;0.0051577669902912624
233;747;2008-08-04 16:50:02;284789398.0;0.998525290137092;1919;0.014723145029499996;0.5821902120106311;1217868602;0.10740291262135922
533287;730;2008-08-04 17:18:55;284787665.0;0.9985192139125556;4;3.068920277123501e-05;0.0012135357056282615;1217870335;0.00030339805825242716
192;575;2008-08-04 00:50:07;284846993.0;0.9987272290592896;250;0.0019180751732021878;0.0758301843825327;1217811007;0.030036407766990292
229;552;2008-08-04 16:21:06;284791134.0;0.9985313768801936;33;0.00025318592286268884;0.010011547620720523;1217866866;0.0024271844660194173
178;473;2008-08-03 19:59:20;284864440.0;0.9987884015286982;43;0.00032990892979077634;0.013041992886160168;1217793560;0.004852896572641796
193;375;2008-08-04 00:59:06;284846454.0;0.99872533922373;76;0.0005830948526534652;0.023052419673091663;1217811546;0.010012135922330098
234;361;2008-08-04 16:53:11;284789209.0;0.99852462746748;1622;0.012444471723735796;0.492086060746775;1217868791;0.1416868932038835
209;271;2008-08-04 13:56:55;284799785.0;0.9985617089162372;695;0.005332248981502083;0.210842855797802;1217858215;0.08100728155339806
227;250;2008-08-04 16:13:17;284791603.0;0.9985330212825636;603;0.004626397317763678;0.1829379779852568;1217866397;0.053094660194174755
219;70;2008-08-04 14:36:45;284797395.0;0.9985533291259072;114;0.0008746422789801978;0.034584586000163384;1217860605;0.017597087378640776
246;86315;2008-08-04 17:54:38;284785522.0;0.998511700150766;213;0.0016342000475682644;0.06462126259353873;1217872478;0.032766990291262135
247;76224;2008-08-04 18:04:19;284784941.0;0.9985096630552924;144;0.0011048112997644602;0.043687703276417265;1217873059;0.02366504854368932
298;69533;2008-08-05 13:16:41;284715799.0;0.9982672381753795;393;0.0030152141722738397;0.1192599782634472;1217942201;0.055235204855842185
295;66055;2008-08-05 12:33:43;284718377.0;0.9982762771291328;4;3.068920277123501e-05;0.0012138310271416026;1217939623;0.0006069802731411229
313;60122;2008-08-05 16:29:07;284704253.0;0.9982267557238526;105;0.000805591572744919;0.031864645169174914;1217953747;0.013050075872534143
272;40072;2008-08-04 22:34:44;284768716.0;0.9984527751481364;12;9.206760831370504e-05;0.0036408493691420796;1217889284;0.0006069802731411229
308;30051;2008-08-05 14:46:37;284710403.0;0.9982483187826514;123;0.0009436929852154766;0.037326349469569614;1217947597;0.01638846737481032
244;28192;2008-08-04 17:39:41;284786419.0;0.9985148452017812;49;0.00037594273394762884;0.014865877434976981;1217871581;0.009101941747572815
271;26285;2008-08-04 22:11:42;284770098.0;0.9984576207005365;64;0.0004910272443397601;0.01941776906646989;1217887902;0.008801213960546282
302;24590;2008-08-05 14:01:14;284713126.0;0.9982578661337259;248;0.0019027305718165707;0.0752589116667561;1217944874;0.03156297420333839
285;23113;2008-08-05 05:13:09;284744811.0;0.998368959713895;145;0.001112483600457269;0.04399728991022772;1217913189;0.015477996965098634
260;22518;2008-08-04 20:17:25;284776955.0;0.9984816626345501;593;0.00454967431083559;0.1799134343577766;1217881045;0.07979368932038836
293;22352;2008-08-05 09:33:41;284729179.0;0.9983141509764736;50;0.0003836150346404377;0.015172312213213666;1217928821;0.009711684370257967
287;19875;2008-08-05 05:41:40;284743100.0;0.998362960625504;611;0.0046877757233061475;0.18539659082169155;1217914900;0.08679817905918058
317;18598;2008-08-05 16:46:44;284703196.0;0.99822304968269;257;0.001971781278051849;0.07799280201968649;1217954804;0.033990895295902886
277;17317;2008-08-05 00:13:06;284762814.0;0.9984320816240664;123;0.0009436929852154766;0.037319479501983006;1217895186;0.016995447647951443
315;16589;2008-08-05 16:36:16;284703824.0;0.9982252515690192;6;4.603380415685252e-05;0.001820839610499928;1217954176;0.0018209408194233688
299;16035;2008-08-05 13:37:52;284714528.0;0.9982627818098944;170;0.001304291117777488;0.05158851605914539;1217943472;0.014871016691957511
269;15700;2008-08-04 21:51:58;284771282.0;0.9984617720276288;91;0.0006981793630455965;0.02760952559816056;1217886718;0.003338391502276176
265;14400;2008-08-04 20:59:58;284774402.0;0.9984727113355072;61;0.0004680103422613339;0.018507281423419508;1217883598;0.006371359223300971
292;13390;2008-08-05 08:56:30;284731410.0;0.9983219732828442;311;0.0023860855154635217;0.0943710425203879;1217926590;0.04339908952959029
275;13341;2008-08-04 23:36:28;284765012.0;0.9984397882262191;433;0.00332210619998619;0.13137569021295356;1217892988;0.05371775417298938
245;12852;2008-08-04 17:48:50;284785870.0;0.9985129203043372;516;0.003958907157489315;0.15654709273321746;1217872130;0.05521844660194175
276;11243;2008-08-04 23:59:52;284763608.0;0.9984348655376741;280;0.0021482441939864507;0.0849546758095578;1217894392;0.03763277693474962
261;9789;2008-08-04 20:38:52;284775668.0;0.99847715017005;28;0.00021482441939864503;0.008495107805348033;1217882332;0.0045509708737864075
257;9019;2008-08-04 19:43:28;284778992.0;0.9984888047403668;300;0.0023016902078426263;0.09101794980719644;1217879008;0.018810679611650484
266;8862;2008-08-04 21:08:49;284773871.0;0.9984708495494548;787;0.006038100645240488;0.23877471539514944;1217884129;0.0834597875569044
305;8409;2008-08-05 14:39:18;284710842.0;0.9982498579993688;1774;0.013610661429042726;0.5383483077894168;1217947158;0.1377845220030349
296;8266;2008-08-05 12:37:18;284718162.0;0.9982755232986221;444;0.0034065015076070863;0.1347353457557091;1217939838;0.054021244309559936
306;8231;2008-08-05 14:39:26;284710834.0;0.9982498299498616;146;0.0011201559011500778;0.04430600628285188;1217947166;0.022154779969650987
274;5687;2008-08-04 22:49:59;284767801.0;0.9984495669857298;526;0.004035630164417403;0.15959107680155174;1217890199;0.06737481031866464
258;5675;2008-08-04 19:47:15;284778765.0;0.9984880088355949;525;0.004027957863724596;0.15928153912739948;1217879235;0.05430825242718446
253;5645;2008-08-04 19:05:26;284781274.0;0.998496805862347;156;0.0011968789080781654;0.04732895464187017;1217876726;0.01972087378640777
254;3701;2008-08-04 19:25:23;284780077.0;0.9984926089548052;34;0.0002608582235554976;0.01031532834370292;1217877923;0.0048543689320388345
311;3438;2008-08-05 15:53:49;284706371.0;0.9982341818309316;95;0.0007288685658168316;0.02882970258505385;1217951629;0.01881638846737481
280;2974;2008-08-05 03:06:23;284752417.0;0.998395627783037;37;0.00028387512563392384;0.01122659478602424;1217905583;0.0036418816388467377
259;2689;2008-08-04 20:03:00;284777820.0;0.9984846954875356;667;0.005117424562103438;0.2023640745617057;1217880180;0.09890776699029126
273;2407;2008-08-04 22:45:47;284768053.0;0.9984504505452124;13;9.973990900651378e-05;0.003944262666290028;1217889947;0.0024279210925644916
319;2375;2008-08-05 17:08:21;284701899.0;0.998218502156306;78;0.0005984394540390827;0.023671074986401832;1217956101;0.011836115326251897
278;2289;2008-08-05 01:30:40;284758160.0;0.998415763823148;945;0.00725032415470427;0.28672751643008226;1217899840;0.07344461305007587
263;2192;2008-08-04 20:46:29;284775211.0;0.9984755478419409;6;4.603380415685252e-05;0.0018203831653029656;1217882789;0.0009101941747572816
318;2028;2008-08-05 16:58:30;284702490.0;0.9982205743136636;244;0.001872041369045336;0.07404782445000745;1217955510;0.030955993930197268
307;1498;2008-08-05 14:40:04;284710796.0;0.9982496967147014;412;0.003160987885437206;0.12502792482797176;1217947204;0.052200303490136574
268;1323;2008-08-04 21:50:48;284771352.0;0.9984620174608184;809;0.0062068912604822815;0.24545165624665785;1217886648;0.11077389984825493
283;1252;2008-08-05 04:31:33;284747307.0;0.9983777111601978;20;0.00015344601385617506;0.006068538516502985;1217910693;0.004248861911987861
267;1224;2008-08-04 21:20:23;284773177.0;0.9984684162546896;1709;0.013111961884010159;0.5185095083586472;1217884823;0.06100151745068285
342;2774;2008-08-05 20:12:27;284690853.0;0.9981797727989902;1824;0.013994276463683165;0.5535604616000782;1217967147;0.21608497723823974
328;2691;2008-08-05 18:10:01;284698199.0;0.9982055292591424;28;0.00021482441939864503;0.008497419402361586;1217959801;0.004552352048558422
382;2425;2008-08-06 12:40:41;284631559.0;0.9979718768626626;119;0.0009130037824442416;0.036122487738613686;1218026441;0.02185792349726776
355;2367;2008-08-05 23:31:46;284678894.0;0.9981378422916448;20;0.00015344601385617506;0.006069996885684121;1217979106;0.003339404978749241
379;2194;2008-08-06 12:33:20;284632000.0;0.9979734230917572;67;0.0005140441464181866;0.02033783973692347;1218026000;0.006982392228293868
359;2165;2008-08-06 00:14:14;284676346.0;0.998128908523544;51;0.0003912873353332464;0.015478630598975019;1217981654;0.013054037644201578
350;1692;2008-08-05 22:28:20;284682700.0;0.9981511868447809;122;0.0009360206845226678;0.0370264859789513;1217975300;0.014875531268973893
375;1374;2008-08-06 09:36:48;284642592.0;0.9980105606395288;19;0.0001457737131633663;0.005767232473768367;1218015408;0.004250151791135397
324;1077;2008-08-05 17:38:24;284700096.0;0.9982121804985798;78;0.0005984394540390827;0.023671224894845137;1217957904;0.009711684370257967
363;1054;2008-08-06 00:59:40;284673620.0;0.998119350653904;106;0.0008132638734377277;0.03217157950919372;1217984380;0.015179113539769277
358;983;2008-08-05 23:55:45;284677455.0;0.9981327968865048;71;0.0005447333491894215;0.02154859786841919;1217980545;0.010625379477838493
370;938;2008-08-06 04:13:18;284662002.0;0.9980786157568108;249;0.0019104028725093797;0.07557594567890379;1217995998;0.03885853066180935
372;823;2008-08-06 04:59:59;284659201.0;0.9980687949230392;1301;0.009981663201344188;0.3948806137483678;1217998799;0.10686095931997572
383;755;2008-08-06 12:54:09;284630751.0;0.9979690438624172;731;0.005608451806443197;0.2218959117316175;1218027249;0.051001821493624776
332;556;2008-08-05 18:37:26;284696554.0;0.9981997615791872;414;0.0031763324868228234;0.12564114140981136;1217961446;0.046130500758725344
373;485;2008-08-06 05:46:00;284656440.0;0.9980591143368044;52;0.0003989596360260551;0.01578323680293339;1218001560;0.007589556769884639
371;456;2008-08-06 04:15:02;284661898.0;0.9980782511132148;778;0.005969049939005209;0.23613697678640505;1217996102;0.11445051608986036
339;415;2008-08-05 19:26:06;284693634.0;0.9981895235089934;226;0.001733939956574778;0.06858741351413569;1217964366;0.0330804248861912
364;302;2008-08-04 12:52:03;284803677.0;0.9985753550015778;2035;0.015613131909865812;0.6173515800500006;1217854323;0.09223300970873786
381;296;2008-08-06 12:40:05;284631595.0;0.9979720030854458;244;0.001872041369045336;0.07406626801216498;1218026405;0.03126897389192471
322;292;2008-08-05 17:31:58;284700482.0;0.9982135338873112;328;0.002516514627241271;0.0995404004971091;1217957518;0.052200303490136574
353;251;2008-08-05 23:07:44;284680336.0;0.99814289821535;3;2.3016902078426254e-05;0.0009104949208715279;1217977664;0.0006071645415907711
390;160;2008-08-06 14:06:45;284626395.0;0.9979537709056484;51;0.0003912873353332464;0.015481347047943322;1218031605;0.010018214936247723
395;129;2008-08-06 16:03:28;284619392.0;0.9979292170681252;29;0.00022249672009145386;0.0088033355084955;1218038608;0.00546448087431694
360;64;2008-08-06 00:14:46;284676314.0;0.9981287963255144;21;0.0001611183145489838;0.0063735544924893184;1217981686;0.004250151791135397
352;55;2008-08-05 22:55:42;284681058.0;0.9981454296833911;9;6.905070623527878e-05;0.002731477835100641;1217976942;0.0024286581663630845
394;1;2008-08-06 15:34:59;284621101.0;0.9979352091441394;268;0.0020561765856727462;0.08135447413647663;1218036899;0.03460837887067395
455;130139;2008-08-07 02:43:52;284580968.0;0.9977944952841764;1;7.672300692808752e-06;0.00030360428038181387;1218077032;0.0
445;62902;2008-08-07 00:56:54;284587386.0;0.9978169980014726;441;0.00338348460552866;0.13388646817958405;1218070614;0.055876100819921046
462;41843;2008-08-07 06:49:41;284566219.0;0.997742782511132;90;0.0006905070623527878;0.027325801450803967;1218091781;0.012146978439113271
420;38267;2008-08-06 19:30:22;284606978.0;0.9978856912450476;70;0.0005370610484966127;0.02125035739636714;1218051022;0.012446873102610808
446;34264;2008-08-07 01:00:42;284587158.0;0.9978161985905124;50;0.0003836150346404377;0.015179883837203924;1218070842;0.007591861524445794
400;31584;2008-08-06 17:04:33;284615727.0;0.9979163668875566;7;5.3706104849661265e-05;0.0021249704166909924;1218042273;0.0018214936247723133
417;16709;2008-08-06 19:17:04;284607776.0;0.9978884891834088;131;0.0010050713907579466;0.0397684144793008;1218050224;0.023679417122040074
444;15738;2008-08-07 00:19:59;284589601.0;0.9978247642088286;32;0.00024551362216988006;0.009715042258343094;1218068399;0.0072881870634679624
402;13840;2008-08-06 17:19:18;284614842.0;0.9979132639108026;33;0.00025318592286268884;0.010017748828432496;1218043158;0.004553734061930784
425;13729;2008-08-06 19:41:31;284606309.0;0.9978833456049928;391;0.0029998695708882217;0.11869870389977898;1218051691;0.0440194292653309
453;13605;2008-08-07 02:30:28;284581772.0;0.9977973142596684;5;3.836150346404377e-05;0.001518017113197257;1218076228;0.0006073489219556636
429;11234;2008-08-06 20:20:06;284603994.0;0.9978752287787944;187;0.0014347202295552368;0.05676940710817994;1218054006;0.021250758955676987
459;8869;2008-08-07 04:22:53;284575027.0;0.997773665018758;1592;0.012214302702951534;0.4833481048918604;1218082973;0.13058001822046766
396;7179;2008-08-06 16:11:33;284618907.0;0.9979275165667404;775;0.005946033036926784;0.23526195327564803;1218039093;0.05707346690953248
424;7026;2008-08-06 19:38:13;284606507.0;0.9978840398303004;51;0.0003912873353332464;0.015482428868008982;1218051493;0.010321797207043109
426;5618;2008-08-06 19:58:13;284605307.0;0.9978798324041934;1119;0.008585304475252993;0.33970413629707896;1218052693;0.11991499696417729
435;5468;2008-08-06 20:48:23;284602297.0;0.9978692787770416;26;0.0001994798180130276;0.007893119710133612;1218055703;0.003339404978749241
441;5123;2008-08-06 23:14:16;284593544.0;0.9978385891097789;8;6.137840554247002e-05;0.002428726914479831;1218064456;0.0012146978439113271
454;4511;2008-08-07 02:42:01;284581079.0;0.9977948844710914;37;0.00028387512563392384;0.011233353992589226;1218076921;0.0033404190707561495
411;4221;2008-08-06 18:16:34;284611406.0;0.9979012166473826;255;0.001956436676666232;0.07741081184919202;1218046594;0.03976927747419551
407;3845;2008-08-06 18:01:37;284612303.0;0.9979043616983976;9;6.905070623527878e-05;0.0027321376897751323;1218045697;0.0015179113539769277
434;3348;2008-08-06 20:43:59;284602561.0;0.997870204410785;38;0.0002915474263267326;0.011536087336895049;1218055439;0.006071645415907711
437;3340;2008-08-06 21:55:23;284598277.0;0.9978551838995828;1166;0.008945902607815005;0.3539810608199852;1218059723;0.126328575766778
430;3304;2008-08-06 20:22:46;284603834.0;0.997874667788647;145;0.001112483600457269;0.04401908373447984;1218054166;0.02185792349726776
438;3112;2008-08-06 22:24:06;284596554.0;0.9978491427369308;163;0.0012505850129278266;0.0494847875073006;1218061446;0.021864561190403888
419;3039;2008-08-06 19:28:45;284607075.0;0.9978860313453244;8276;0.06349596053368524;2.512398541041188;1218050925;0.45719489981785066
506;3997;2008-08-07 18:44:51;284523309.0;0.99759233196592;127;0.0009743821879867117;0.03856555738285752;1218134691;0.022168235651381717
521;2901;2008-08-07 20:56:49;284515391.0;0.9975645699659901;140;0.0010741220969932254;0.042514395996243314;1218142609;0.018220467658669907
520;2724;2008-08-07 20:46:54;284515986.0;0.9975666561481014;186;0.001427047928862428;0.05648329370146533;1218142014;0.030063771636805344
537;2216;2008-08-08 03:18:10;284492510.0;0.9974843448686932;132;0.0010127436914507556;0.040088225872800656;1218165490;0.012454434993924665
507;2118;2008-08-07 19:05:02;284522098.0;0.99758808597174;323;0.002478153123777227;0.0980844728622801;1218135902;0.03856665654418463
529;1878;2008-08-07 23:26:04;284506436.0;0.997533172048666;11;8.439530762089628e-05;0.0033405219697736467;1218151564;0.00212636695018226
484;1737;2008-08-07 15:52:05;284533675.0;0.9976286771151082;38;0.0002915474263267326;0.011538880239746668;1218124325;0.005466140297600972
514;1728;2008-08-07 20:00:54;284518746.0;0.9975763332281476;77;0.0005907671533462738;0.02338264207026977;1218139254;0.013361676283024598
519;1624;2008-08-07 20:33:05;284516815.0;0.9975695627783036;22;0.00016879061524179256;0.006680800219136433;1218141185;0.0030367446097783178
501;1605;2008-08-07 17:33:31;284527589.0;0.9976073384523684;496;0.0038054611436331405;0.15061597418589873;1218130411;0.06711205587610082
488;1155;2008-08-07 16:10:44;284532556.0;0.9976247536902632;77;0.0005907671533462738;0.02338150717628249;1218125444;0.010932280595201944
470;1034;2008-08-07 14:44:23;284537737.0;0.9976429192524806;486;0.003728738136705053;0.14757409840509134;1218120263;0.0716671727907683
479;887;2008-08-07 15:24:18;284535342.0;0.9976345219312086;382;0.0029308188646529434;0.11599543230028694;1218122658;0.05526875189796538
510;846;2008-08-07 19:30:03;284520597.0;0.9975828231829178;306;0.0023477240119994785;0.09292262239981172;1218137403;0.0583054965077437
472;759;2008-08-07 14:47:20;284537560.0;0.9976422986571298;65;0.0004986995450325689;0.019737288813469832;1218120440;0.012146978439113271
491;719;2008-08-07 16:15:28;284532272.0;0.9976237579327512;2;1.5344601385617504e-05;0.0006073124808844178;1218125728;0.0
492;706;2008-08-07 16:15:58;284532242.0;0.9976236527470986;821;0.006298958868795986;0.24930179968848665;1218125758;0.129972669298512
522;663;2008-08-07 21:03:27;284514993.0;0.9975631745029978;45;0.00034525353117639384;0.013665360686282005;1218143007;0.005164034021871203
475;479;2008-08-07 15:16:21;284535819.0;0.9976361943830862;232;0.001779973760731631;0.07044736958055886;1218122181;0.032493167324628
536;474;2008-08-08 03:02:44;284493436.0;0.9974875915991726;1932;0.01482288493850651;0.5867439416071448;1218164564;0.21962332928311057
525;352;2008-08-07 21:50:09;284512191.0;0.9975533501630378;375;0.002877112759803282;0.11387912723922612;1218145809;0.056500607533414335
509;346;2008-08-07 19:08:33;284521887.0;0.9975873461659829;8;6.137840554247002e-05;0.002429338590742581;1218136113;0.0012146978439113271
497;343;2008-08-07 16:54:56;284529904.0;0.9976154552785668;109;0.000836280775516154;0.033098805670703765;1218128096;0.013665350744002429
527;333;2008-08-07 23:09:32;284507428.0;0.9975366501875812;30;0.0002301690207842626;0.009110482697133658;1218150572;0.002430133657351154
481;303;2008-08-07 15:31:46;284534894.0;0.9976329511587952;44;0.0003375812304835851;0.01336075145848368;1218123106;0.006680838141512299
480;279;2008-08-07 15:28:58;284535062.0;0.9976335401984504;7;5.3706104849661265e-05;0.0021255728406504785;1218122938;0.0012146978439113271
534;249;2008-08-08 02:04:29;284496931.0;0.9974998457277094;62;0.0004756826429541427;0.0188290256108246;1218161069;0.012150668286755772
482;193;2008-08-07 15:42:08;284534272.0;0.9976307703095963;53;0.00040663193671886384;0.016093667619765682;1218123728;0.010021257212268448
463;186;2008-08-07 09:07:46;284557934.0;0.9977137337400512;108;0.0008286084748233452;0.032791916460849765;1218100066;0.010628606134224112
517;165;2008-08-07 20:12:08;284518072.0;0.9975739700571508;653;0.005010012352404116;0.1982974213321676;1218139928;0.08017005769814758
464;76;2008-08-07 09:58:55;284554865.0;0.9977029732477825;6;4.603380415685252e-05;0.0018217927850223187;1218103135;0.0009110233829334953
511;53;2008-08-07 19:33:59;284520361.0;0.99758199572245;6;4.603380415685252e-05;0.0018220137152152704;1218137639;0.0012146978439113271
535;51;2008-08-08 02:54:42;284493918.0;0.9974892815819922;89;0.000682834761659979;0.027029048824868025;1218164082;0.020048602673147023
503;38;2008-08-07 18:14:43;284525117.0;0.997598671154588;3;2.3016902078426254e-05;0.0009109916296071676;1218132883;0.0003036744609778318
487;8;2008-08-07 16:05:42;284532858.0;0.9976258125591668;73;0.0005600779505750389;0.02216685989918254;1218125142;0.012754327361068934
574;99585;2008-08-08 17:23:40;284441780.0;0.9973064759300164;55;0.0004219765381044814;0.016706406492042063;1218216220;0.007594167679222357
551;45915;2008-08-08 10:47:52;284465528.0;0.9973897408926756;28;0.00021482441939864503;0.008504369640176578;1218192472;0.003341433778857837
570;30229;2008-08-08 17:06:17;284442823.0;0.9973101328845412;1;7.672300692808752e-06;0.00030375173150352263;1218215177;0.00030376670716889426
576;27134;2008-08-08 17:33:41;284441179.0;0.9973043687107744;168;0.0012889465163918705;0.05103058583511215;1218216821;0.02187120291616039
555;26828;2008-08-08 12:47:12;284458368.0;0.99736463658357;214;0.0016418723482610731;0.06499931828337002;1218199632;0.03979343863912515
564;26226;2008-08-08 16:40:04;284444396.0;0.99731564811893;8;6.137840554247002e-05;0.002430000413859445;1218213604;0.001215066828675577
602;24942;2008-08-09 02:02:14;284410666.0;0.9971973843834367;4;3.068920277123501e-05;0.001215144301233766;1218247334;0.001215436037678517
573;15847;2008-08-08 17:21:02;284441938.0;0.9973070299077872;612;0.004695448023998957;0.18589663806889126;1218216062;0.0695625759416768
553;15034;2008-08-08 11:07:38;284464342.0;0.9973855825532064;12;9.206760831370504e-05;0.0036447450415419726;1218193658;0.002430133657351154
607;14467;2008-08-09 06:07:13;284395967.0;0.9971458469198134;176;0.0013503249219343405;0.053469112661502685;1218262033;0.02582801580066849
560;13633;2008-08-08 16:04:53;284446507.0;0.99732304968269;52;0.0003989596360260551;0.015794885468570722;1218211493;0.006075334143377886
549;13506;2008-08-08 10:39:51;284466009.0;0.9973914273693067;776;0.005953705337619592;0.23569213149821355;1218191991;0.09416767922235723
557;12988;2008-08-08 15:37:05;284448175.0;0.9973288980049788;88;0.0006751624609671702;0.026729649434382902;1218209825;0.012454434993924665
592;11211;2008-08-08 21:04:18;284428542.0;0.9972600610076784;838;0.006429387980573735;0.2545567315111435;1218229458;0.10999696140990581
581;9467;2008-08-08 18:19:10;284438450.0;0.9972948003225692;17;0.00013042911177774878;0.005163858824290457;1218219550;0.0027339003645200487
588;8340;2008-08-08 19:38:57;284433663.0;0.9972780161985904;87;0.0006674901602743616;0.0264272516857472;1218224337;0.014277035236938032
586;7493;2008-08-08 19:28:16;284434304.0;0.9972802636653694;179;0.0013733418240127668;0.054373188404166606;1218223696;0.03827460510328068
571;7414;2008-08-08 17:06:33;284442807.0;0.9973100767855264;528;0.004050974765803021;0.1603809232553383;1218215193;0.06713244228432563
563;6869;2008-08-08 16:30:11;284444989.0;0.9973177272886644;250;0.0019180751732021878;0.07593735462149415;1218213011;0.03948967193195626
609;6394;2008-08-09 06:12:46;284395634.0;0.9971446793590688;416;0.003191677088208441;0.1263816869987533;1218262366;0.058037070799149194
577;6381;2008-08-08 17:42:46;284440634.0;0.9973024578380842;119;0.0009130037824442416;0.03614673422504044;1218217366;0.016099635479951396
584;4826;2008-08-08 18:49:24;284436636.0;0.9972884400967708;51;0.0003912873353332464;0.015491675270691925;1218221364;0.007290400972053463
605;4678;2008-08-09 04:37:47;284401333.0;0.997164661126889;26;0.0001994798180130276;0.007898697155543923;1218256667;0.004861744150714068
552;4656;2008-08-08 10:57:38;284464942.0;0.99738768626626;13;9.973990900651378e-05;0.003948465466792038;1218193058;0.002430133657351154
543;4253;2008-08-08 10:02:49;284468231.0;0.9973992181199818;871;0.0066825739034364244;0.2645441276006669;1218189769;0.1166464155528554
611;3099;2008-08-09 06:28:22;284394698.0;0.9971413975667052;938;0.007196618049854609;0.284967337893198;1218263302;0.09389243391066546
580;2941;2008-08-08 18:15:00;284438700.0;0.997295676869675;223;0.001710923054496352;0.06773761798236316;1218219300;0.020352369380315916
590;2396;2008-08-08 20:17:13;284431367.0;0.9972699659899724;58;0.00044499344018290773;0.0176183100086848;1218226633;0.00425273390036452
541;2111;2008-08-08 05:31:17;284484523.0;0.9974563409417622;93;0.000713523964431214;0.028244770278768382;1218173477;0.014580801944106925
582;2073;2008-08-08 18:24:17;284438143.0;0.9972937239227236;629;0.004825877135776705;0.19106298271677294;1218219857;0.06986634264884568
618;2193;2008-08-09 07:49:09;284389851.0;0.9971244030714209;120;0.0009206760831370504;0.03645699719431971;1218268149;0.018839258584017016
644;2186;2008-08-09 12:37:29;284372551.0;0.9970637460117108;14;0.00010741220969932252;0.0042535750927662494;1218285449;0.002430872075357034
615;2159;2008-08-09 07:27:03;284391177.0;0.9971290522772692;2017;0.015475030497395252;0.612778504025109;1218266823;0.19659677909450016
616;1956;2008-08-09 07:32:28;284390852.0;0.997127912766032;17;0.00013042911177774878;0.005164723090319375;1218267148;0.0036463081130355514
633;1561;2008-08-09 10:12:41;284381239.0;0.9970942077767259;4;3.068920277123501e-05;0.0012152700410732794;1218276761;0.0009115770282588879
645;1559;2008-08-09 13:37:17;284368963.0;0.9970511658076504;548;0.004204420779659196;0.16649918296463315;1218289037;0.10240048617441506
625;1523;2008-08-09 08:15:12;284388288.0;0.9971189228989166;36;0.00027620282494111506;0.010937159268668615;1218269712;0.008204193254329991
682;1358;2008-08-10 12:40:28;284285972.0;0.9967601837242732;23;0.0001764629159346013;0.00699014441697461;1218372028;0.004559270516717325
681;1318;2008-08-10 12:39:34;284286026.0;0.996760373058448;320;0.0024551362216988014;0.0972541647193028;1218371974;0.042249240121580545
649;1317;2008-08-09 16:58:59;284356861.0;0.9970087339153606;63;0.00048335494364695134;0.01914214406804835;1218301139;0.011242783348526283
635;1265;2008-08-09 10:32:11;284380069.0;0.9970901055362716;143;0.0010971389990716515;0.04344608271404562;1218277931;0.024612579762989972
666;1221;2008-08-10 08:07:29;284302351.0;0.9968176115844466;24;0.00018413521662741009;0.007293643519676698;1218355649;0.004559270516717325
673;1109;2008-08-10 11:42:50;284289430.0;0.9967723081238384;117;0.000897659181058624;0.035558128207580565;1218368570;0.01458966565349544
685;1088;2008-08-10 12:59:07;284284853.0;0.9967562602994284;2410;0.01849024466966909;0.7324484502169378;1218373147;0.24711246200607903
657;1083;2008-08-09 22:03:12;284338608.0;0.9969447354580836;143;0.0010971389990716515;0.043452417829941685;1218319392;0.020972644376899698
676;915;2008-08-10 11:50:54;284288946.0;0.996770611128642;59;0.0004526657408757164;0.017931052444086236;1218369054;0.006990881458966565
684;753;2008-08-10 12:48:47;284285473.0;0.9967584341362504;29;0.00022249672009145386;0.008813675822260534;1218372527;0.005167173252279635
627;751;2008-08-09 08:48:45;284386275.0;0.9971118649416221;20;0.00015344601385617506;0.006076242603480072;1218271725;0.004861744150714068
668;748;2008-08-10 10:53:10;284292410.0;0.9967827565653378;4;3.068920277123501e-05;0.0012156497600481141;1218365590;0.00030395136778115504
613;611;2008-08-09 06:52:45;284393235.0;0.997136268013043;12;9.206760831370504e-05;0.0036456563391882367;1218264765;0.0018231540565177757
660;562;2008-08-10 02:34:02;284322358.0;0.9968877598962168;5;3.836150346404377e-05;0.001519402142831131;1218335642;0.0006079027355623101
683;525;2008-08-10 12:42:40;284285840.0;0.9967597209074016;11;8.439530762089628e-05;0.0033431140995274326;1218372160;0.00182370820668693
655;480;2008-08-09 21:08:20;284341900.0;0.9969562778303706;193;0.0014807540337120893;0.0586448919417082;1218316100;0.036778115501519756
617;449;2008-08-09 07:37:54;284390526.0;0.9971267697486064;42;0.0003222366290979676;0.012759918732313887;1218267474;0.008204193254329991
650;276;2008-08-09 18:55:36;284349864.0;0.996984201114968;27;0.0002071521187058363;0.008203977899563899;1218308136;0.004861744150714068
670;122;2008-08-10 11:27:20;284290360.0;0.9967755688790716;15;0.0001150845103921313;0.0045587194725842965;1218367640;0.0024316109422492403
624;114;2008-08-09 08:11:45;284388495.0;0.99711964867992;10;7.672300692808753e-05;0.0030380975854877672;1218269505;0.0015192950470981465
648;102;2008-08-09 15:39:10;284361650.0;0.9970255250517164;235;0.0018029906628100566;0.07140203329105736;1218296350;0.026131874810088117
634;102;2008-08-09 10:18:18;284380902.0;0.9970930261912276;14;0.00010741220969932252;0.004253450184218067;1218277098;0.002127013065937405
621;53;2008-08-09 07:55:19;284389481.0;0.9971231057817048;24;0.00018413521662741009;0.007291408925212673;1218268519;0.004861744150714068
626;51;2008-08-09 08:29:26;284387434.0;0.9971159286140036;80;0.0006137840554247003;0.024304871360807032;1218270566;0.0176238225463385
689;76588;2008-08-10 13:37:14;284282566.0;0.996748241646506;53;0.00040663193671886384;0.01610791707853094;1218375434;0.008814589665653495
756;37918;2008-08-11 16:13:30;284186790.0;0.9964124329441464;205;0.0015728216420257946;0.062325205193387065;1218471210;0.032228640924293096
695;37458;2008-08-10 14:09:35;284280625.0;0.9967414361347778;9;6.905070623527878e-05;0.002735325349731449;1218377375;0.002735562310030395
757;32230;2008-08-11 16:14:17;284186743.0;0.9964122681532904;177;0.0013579972226271492;0.053812503139880806;1218471257;0.028580115536637276
732;27505;2008-08-11 07:33:26;284217994.0;0.9965218400476842;8;6.137840554247002e-05;0.0024319361004286025;1218440006;0.0018242626938279112
743;25045;2008-08-11 12:42:10;284199470.0;0.9964568914133446;849;0.006513783288194631;0.2581060408029614;1218458530;0.11827303131650958
697;19084;2008-08-10 14:32:48;284279232.0;0.9967365520143052;102;0.0007825746706664928;0.031000505868821263;1218378768;0.02188449848024316
723;14741;2008-08-11 02:30:51;284236149.0;0.9965854948984958;104;0.0007979192720521102;0.03161314995159183;1218421851;0.015506232897537246
693;14256;2008-08-10 13:56:57;284281383.0;0.996744093825602;3;2.3016902078426254e-05;0.0009117726854452512;1218376617;0.000911854103343465
738;11597;2008-08-11 11:24:19;284204141.0;0.9964732688194664;54;0.0004143042374116726;0.016416368824126316;1218453859;0.008817269686834904
755;9901;2008-08-11 16:12:42;284186838.0;0.9964126012411908;350;0.002685305242483064;0.10640886894276222;1218471162;0.05138339920948617
718;8079;2008-08-10 23:58:38;284245282.0;0.9966175169173592;488;0.003744082738090671;0.14833386047195676;1218412718;0.05016722408026756
700;7653;2008-08-10 16:11:24;284273316.0;0.9967158094035974;591;0.004534329709449973;0.17962431619856994;1218384684;0.09604863221884498
769;6632;2008-08-11 16:41:19;284185121.0;0.9964065811156692;277;0.0021252272919080246;0.08421552794806594;1218472879;0.04621465491030709
747;6318;2008-08-11 14:53:45;284191575.0;0.9964292100557484;184;0.0014117033274768105;0.05593973009228018;1218466425;0.023411371237458192
721;6184;2008-08-11 01:49:35;284238625.0;0.99659417622103;27;0.0002071521187058363;0.008207188590220628;1218419375;0.002432350258437215
731;5997;2008-08-11 06:56:28;284220212.0;0.9965296167736054;48;0.0003682704332548201;0.0145915027323954;1218437788;0.011857707509881422
741;5846;2008-08-11 11:44:54;284202906.0;0.9964689386767644;140;0.0010741220969932254;0.04256114115877478;1218455094;0.026451809060504712
735;5295;2008-08-11 11:00:32;284205568.0;0.9964782721503452;46;0.0003529258318692026;0.013984243968084398;1218452432;0.008817269686834904
722;5070;2008-08-11 02:06:49;284237591.0;0.9965905508222012;707;0.005424316589815788;0.21490753487282405;1218420409;0.10307084220127698
758;4468;2008-08-11 16:14:35;284186725.0;0.9964122050418991;554;0.004250454583816049;0.16843010524154498;1218471275;0.06780176345393736
712;4273;2008-08-10 22:42:39;284249841.0;0.9966335016303776;130;0.0009973990900651378;0.039514533976467564;1218408159;0.01307388263910003
739;3854;2008-08-11 11:35:55;284203445.0;0.9964708285123244;214;0.0016418723482610731;0.06505762095881702;1218454555;0.030404378230465188
713;3752;2008-08-10 22:44:53;284249707.0;0.9966330318011288;45;0.00034525353117639384;0.01367811436301674;1218408293;0.008513225904530252
714;3710;2008-08-10 22:56:12;284249028.0;0.9966306510991899;1483;0.01137802192743538;0.4507709345623514;1218408972;0.12435390696260261
709;3599;2008-08-10 20:58:39;284256081.0;0.9966553802461344;25;0.00019180751732021884;0.007598782029222445;1218401919;0.004559270516717325
744;3133;2008-08-11 12:49:11;284199049.0;0.9964554153080186;24;0.00018413521662741009;0.007296294647347676;1218458951;0.004560656734569778
765;2961;2008-08-11 16:29:14;284185846.0;0.9964091231022756;38;0.0002915474263267326;0.011553003241407034;1218472154;0.006993006993006993
729;2882;2008-08-11 04:37:15;284228565.0;0.9965589039654992;209;0.0016035108447970293;0.06353196766130807;1218429435;0.046822742474916385
703;2754;2008-08-10 16:52:43;284270837.0;0.996707117562498;91;0.0006981793630455965;0.0276581308268354;1218387163;0.0121580547112462
716;2678;2008-08-10 23:49:44;284245816.0;0.9966193892219768;391;0.0029998695708882217;0.11884924279764947;1218412184;0.027363940407418668
730;2670;2008-08-11 04:53:43;284227577.0;0.9965554398513377;1015;0.007787385203200884;0.3085414896247031;1218430423;0.08300395256916997
742;2527;2008-08-11 11:56:52;284202188.0;0.9964664212334772;472;0.003621325927005731;0.1434922098488559;1218455812;0.07449072666463971
720;2522;2008-08-11 01:10:34;284240966.0;0.9966023842081272;159;0.0012198958101565915;0.04833082364348565;1218417034;0.024931590148981452
705;2439;2008-08-10 18:01:31;284266709.0;0.9966926440166894;171;0.0013119634184702966;0.05197372584350002;1218391291;0.03829787234042553
692;2386;2008-08-10 13:52:02;284281678.0;0.9967451281511868;8;6.137840554247002e-05;0.0024313913047889074;1218376322;0.002127659574468085
733;2337;2008-08-11 08:41:15;284213925.0;0.9965075733669928;72;0.0005524056498822301;0.021887738259129985;1218444075;0.009121313469139556
726;2321;2008-08-11 03:19:54;284233206.0;0.9965751761859682;182;0.001396358726091193;0.05532358523936855;1218424794;0.0246275463666768
754;2186;2008-08-11 16:12:31;284186849.0;0.9964126398092632;8;6.137840554247002e-05;0.002432202624548612;1218471151;0.0012161751292186075
734;2168;2008-08-11 09:23:02;284211418.0;0.9964987833526172;40;0.00030689202771235017;0.01215996184924562;1218446582;0.006688963210702341
727;1999;2008-08-11 03:38:42;284232078.0;0.9965712212054276;297;0.0022786733057642;0.09028115398009368;1218425922;0.037397385223472177
708;1546;2008-08-10 20:16:15;284258625.0;0.9966642999894816;206;0.001580493942718603;0.06261340355107957;1218399375;0.03343465045592705
691;1525;2008-08-10 13:41:10;284282330.0;0.9967474141860384;326;0.002501170025855653;0.0990789684325438;1218375670;0.038905775075987845
710;1515;2008-08-10 21:13:08;284255212.0;0.9966523333683952;7;5.3706104849661265e-05;0.0021276654726739013;1218402788;0.0006080875646093037
752;1315;2008-08-11 16:08:33;284187087.0;0.996413474282108;62;0.0004756826429541427;0.01884955455418001;1218470913;0.012161751292186074
699;1263;2008-08-10 15:21:51;284276289.0;0.9967262333017776;718;0.005508711897436684;0.21822150633182072;1218381711;0.09878419452887538
736;1158;2008-08-11 11:02:46;284205434.0;0.9964778023210968;808;0.006199218959789472;0.24563640116747384;1218452566;0.07844329583460018
751;1139;2008-08-11 16:08:30;284187090.0;0.9964134848006732;1014;0.007779712902508075;0.3082814212285294;1218470910;0.1365156582547887
688;1037;2008-08-10 13:32:48;284282832.0;0.9967491742926264;438;0.0033604677034502336;0.13311813356354912;1218375168;0.053495440729483285
740;904;2008-08-11 11:42:52;284203028.0;0.9964693664317521;2631;0.020185823122779827;0.7998451022837096;1218454972;0.1541501976284585
750;884;2008-08-11 16:06:42;284187198.0;0.9964138634690228;135;0.0010357605935291817;0.04104336888532185;1218470802;0.0164183642444512
767;665;2008-08-11 16:30:22;284185778.0;0.9964088846814628;236;0.0018106629635028656;0.07175024782556147;1218472222;0.033140772271207056
763;478;2008-08-11 16:26:04;284186036.0;0.9964097892780758;82;0.0006291286568103178;0.02493014822163887;1218471964;0.009425357251444208
745;444;2008-08-11 12:55:13;284198687.0;0.9964541460678096;2295;0.017607930089996088;0.6977090643631298;1218459313;0.2216479173000912
560957;371;2008-08-10 14:05:24;284280876.0;0.996742316188072;1;7.672300692808752e-06;0.00030392477051463713;1218377124;0.00030395136778115504
737;151;2008-08-11 11:21:43;284204297.0;0.9964738157848604;222;0.0017032507538035431;0.0674894792319062;1218453703;0.036485253876558224
728;151;2008-08-11 03:53:06;284231214.0;0.9965681918586304;269;0.002063848886365555;0.08177004795820912;1218426786;0.041653998175737304
687;116;2008-08-10 13:17:26;284283754.0;0.996752406998352;1;7.672300692808752e-06;0.00030392169367511585;1218374246;0.0
748;99;2008-08-11 15:11:41;284190499.0;0.9964254373970056;199;0.0015267878378689415;0.060500263240679274;1218467501;0.033140772271207056
702;71;2008-08-10 16:27:07;284272373.0;0.9967125030679148;101;0.000774902369973684;0.030697319995988494;1218385627;0.017325227963525838
706;63;2008-08-10 18:25:39;284265261.0;0.9966875670558536;87;0.0006674901602743616;0.026442907492660525;1218392739;0.01641337386018237
725;43;2008-08-11 02:47:18;284235162.0;0.9965820342905228;31;0.00023784132147707134;0.00942318318801106;1218422838;0.005472788081483734
711;31;2008-08-10 22:37:41;284250139.0;0.9966345464745276;2;1.5344601385617504e-05;0.0006079152700080123;1218407861;0.0003040437823046519
698;1;2008-08-10 15:21:38;284276302.0;0.9967262788822272;654;0.005017684653096924;0.1987699980703984;1218381698;0.0945288753799392
806;92379;2008-08-12 02:17:55;284150525.0;0.996285281021002;149;0.001143172803228504;0.04530556471785509;1218507475;0.018856447688564478
809;82430;2008-08-12 02:41:35;284149105.0;0.9962803022334421;227;0.0017416122572675868;0.06902291668312663;1218508895;0.028284671532846715
831;51720;2008-08-12 15:01:49;284104691.0;0.9961245783808422;154;0.0011815343066925476;0.04683344000117196;1218553309;0.020072992700729927
799;47519;2008-08-11 22:08:32;284165488.0;0.9963377441183691;138;0.0010587774956076078;0.041958649109423166;1218492512;0.024330900243309004
812;39748;2008-08-12 03:17:09;284146971.0;0.9962728200273484;4;3.068920277123501e-05;0.0012162719834166384;1218511029;0.00030413625304136254
834;28815;2008-08-12 15:11:16;284104124.0;0.9961225903720066;545;0.00418140387758077;0.16574205026323374;1218553876;0.07572992700729927
788;18796;2008-08-11 18:56:58;284176982.0;0.9963780442480978;24;0.00018413521662741009;0.007296861221504563;1218481018;0.005472788081483734
815;17320;2008-08-12 09:47:43;284123537.0;0.9961906560078538;13;9.973990900651378e-05;0.003953209972885844;1218534463;0.0018248175182481751
813;11324;2008-08-12 05:10:24;284140176.0;0.9962489954770172;878;0.006736280008286084;0.2669780847886854;1218517824;0.09884428223844283
797;8878;2008-08-11 21:51:44;284166496.0;0.9963412783562988;402;0.0030842648785091185;0.12222693557793668;1218491504;0.03832116788321168
838;8236;2008-08-12 15:40:09;284102391.0;0.9961165141474704;239;0.0018336798655812921;0.07268365439416524;1218555609;0.04227493917274939
782;8066;2008-08-11 17:29:11;284182249.0;0.9963965113425196;25;0.00019180751732021884;0.007600756231611073;1218475751;0.004256612952265126
833;7654;2008-08-12 15:06:45;284104395.0;0.9961235405490692;1;7.672300692808752e-06;0.0003041135636074901;1218553605;0.00030413625304136254
792;5742;2008-08-11 20:29:38;284171422.0;0.9963585498404685;70;0.0005370610484966127;0.021282928302339986;1218486578;0.006993006993006993
774;5521;2008-08-11 16:50:43;284184557.0;0.9964046036253988;324;0.002485825424470036;0.09850500074851004;1218473443;0.04195804195804196
795;4641;2008-08-11 21:42:51;284167029.0;0.996343147154728;17;0.00013042911177774878;0.005168791063371396;1218490971;0.0015206812652068127
835;4542;2008-08-12 15:16:17;284103823.0;0.9961215350092912;21;0.0001611183145489838;0.00638639769377549;1218554177;0.003953771289537713
803;4036;2008-08-11 23:34:31;284160329.0;0.9963196556922967;15;0.0001150845103921313;0.004560805530317358;1218497671;0.0030413625304136255
770;3968;2008-08-11 16:43:44;284184976.0;0.996406072718348;486;0.003728738136705053;0.14775728327031618;1218473024;0.05959258133171177
779;3774;2008-08-11 17:16:34;284183006.0;0.9963991655271556;281;0.0021559164946792593;0.08543227247022646;1218474994;0.038613560352690784
791;2684;2008-08-11 19:59:07;284173253.0;0.99636496967147;205;0.0015728216420257946;0.062328174143820636;1218484747;0.02614776527820006
830;2649;2008-08-12 15:00:58;284104742.0;0.9961247571964518;41;0.00031456432840515884;0.012468640878933306;1218553258;0.006386861313868613
823;2524;2008-08-12 14:11:09;284107731.0;0.9961352371936468;199;0.0015267878378689415;0.06051788854700332;1218550269;0.024939172749391728
836;2312;2008-08-12 15:29:18;284103042.0;0.9961187966761332;22;0.00016879061524179256;0.006690530261904059;1218554958;0.0018248175182481751
814;1924;2008-08-12 09:40:42;284123958.0;0.9961921321131798;415;0.0031840047875156324;0.12619843906299516;1218534042;0.06508515815085159
773;1861;2008-08-11 16:49:59;284184601.0;0.9964047578976896;18;0.00013810141247055756;0.005472499194282522;1218473399;0.002736394040741867
775;1564;2008-08-11 16:53:05;284184415.0;0.9964041057466428;427;0.0032760723958293373;0.12981992696538264;1218473585;0.0738826391000304
781;1484;2008-08-11 17:25:25;284182475.0;0.9963973037411029;1071;0.008217034041998174;0.3256161380113253;1218475525;0.11523259349346306
804;1360;2008-08-12 01:06:09;284154831.0;0.9963003786683496;142;0.001089466698378843;0.0431764610751946;1218503169;0.010036496350364963
820;1251;2008-08-12 14:00:19;284108381.0;0.9961375162161216;31;0.00023784132147707134;0.009427388205066714;1218549619;0.005778588807785888
796;1162;2008-08-11 21:48:07;284166713.0;0.9963420391991864;89;0.000682834761659979;0.027060171540922176;1218491287;0.014902676399026763
807;1056;2008-08-12 02:38:05;284149315.0;0.9962810385330108;48;0.0003682704332548201;0.014595143401982159;1218508685;0.008211678832116789
822;987;2008-08-12 14:10:14;284107786.0;0.99613543003401;132;0.0010127436914507556;0.040142511265073184;1218550214;0.02159367396593674
805;789;2008-08-12 01:48:53;284152267.0;0.996291388801234;98;0.0007518854678952577;0.029798108209356636;1218505733;0.017639902676399026
828;742;2008-08-12 14:51:14;284105326.0;0.9961268048104904;31;0.00023784132147707134;0.009427489578284076;1218552674;0.005170316301703163
826;740;2008-08-12 14:34:56;284106304.0;0.9961302338627678;542;0.004158386975502344;0.16482844393343696;1218551696;0.06964720194647202
794;665;2008-08-11 21:26:19;284168021.0;0.9963466252936432;529;0.00405864706649583;0.16084005455349953;1218489979;0.0827250608272506
816;572;2008-08-12 11:05:05;284118895.0;0.9961743802811964;11;8.439530762089628e-05;0.003345078474981398;1218539105;0.0006082725060827251
821;413;2008-08-12 14:09:15;284107845.0;0.9961356368991271;50;0.0003836150346404377;0.015205493533626291;1218550155;0.009428223844282239
832;156;2008-08-12 15:02:02;284104678.0;0.9961245328003928;893;0.006851364518678215;0.27157314178402936;1218553322;0.03527980535279805
811;135;2008-08-12 03:13:28;284147192.0;0.9962735948949896;17;0.00013042911177774878;0.005169151909127436;1218510808;0.0033454987834549877
890;1058;2008-08-13 13:23:11;284024209.0;0.9958423933242172;126;0.0009667098872939027;0.03832912707803721;1218633791;0.023425616063279586
913;935;2008-08-13 16:40:43;284012357.0;0.995800837979033;61;0.0004680103422613339;0.0185569390560003;1218645643;0.012473379981746273
877;833;2008-08-13 01:11:27;284068113.0;0.9959963290207215;88;0.0006751624609671702;0.026765411716590658;1218589887;0.012473379981746273
889;787;2008-08-13 13:10:57;284024943.0;0.9958449668665194;98;0.0007518854678952577;0.029811466241540626;1218633057;0.01064800730149072
901;724;2008-08-13 15:38:05;284016115.0;0.9958140142351251;1;7.672300692808752e-06;0.0003042080904458537;1218641885;0.000304228780042592
