display_name;account_id;creation_date;last_access_date;reputation
Sean;13797;2008-10-14 19:55:37;2015-12-08 01:02:28;181
o..o;23228;2009-01-22 23:34:01;2017-08-14 14:39:29;592
Tommy;560754;2009-02-05 00:28:24;2009-05-30 12:15:21;231
StackKrish;29154;2009-03-16 14:08:22;2017-03-28 00:40:35;592
Hank;35545;2009-05-04 12:06:37;2011-09-06 08:36:21;63
chris;43222;2009-06-20 22:02:03;2017-08-12 01:43:06;58
mpiktas;48549;2009-07-24 11:23:07;2017-08-14 16:38:17;4292
MrBuBBLs;54210;2009-08-24 20:42:51;2017-08-15 14:31:44;459
foosion;58066;2009-09-15 23:22:08;2017-08-14 02:18:02;2709
Hibame;62739;2009-10-08 10:13:31;2012-08-03 01:02:25;1
Tyler Gillies;68609;2009-10-31 10:48:58;2017-08-11 00:41:24;920
Derek Bennett;70230;2009-11-05 20:38:00;2017-08-04 18:28:18;220
Mel;73740;2009-11-16 19:23:25;2014-05-12 09:06:32;320
Adil;580104;2009-12-21 15:38:40;2010-03-10 15:08:16;180
user233935;880968;2009-12-17 19:23:03;2010-04-03 22:10:17;46
wsanville;90441;2010-01-12 18:16:45;2017-08-12 01:29:13;30507
Stancell;94234;2010-01-23 15:24:24;2015-04-24 13:44:29;131
Mark;104606;2010-02-23 17:58:57;2017-08-12 23:50:05;4481
Kristjan;597278;2010-03-07 16:54:40;2010-11-25 13:24:55;11
user282562;105990;2010-02-27 09:13:17;2010-03-02 01:10:35;1
anonymous;596354;2010-03-15 05:43:25;2010-10-14 18:30:45;30
BobDobbs;600199;2010-03-29 07:09:07;2010-06-03 07:05:18;38
Nehil Verma;114282;2010-03-24 10:50:10;2010-05-17 17:17:20;504
Michael Orcutt;602580;2010-04-07 04:42:44;2010-04-08 07:46:16;9
MarkAurelius;123589;2010-04-16 05:47:39;2017-08-14 06:11:51;381
danskcollignon;130576;2010-04-30 20:50:39;2011-09-10 12:08:16;47
Farshid;137260;2010-05-14 18:41:04;2017-05-11 11:48:13;96
Dan;622683;2010-06-05 20:40:13;2010-06-26 21:02:01;16
Martin Nilsson;155653;2010-06-21 22:24:21;2015-06-23 17:45:19;209
Rhett Leech;161074;2010-07-02 02:22:43;2017-04-24 03:37:08;37
Sly;633027;2010-07-09 02:54:21;2010-07-10 00:24:20;6
piouPiouM;167723;2010-07-15 17:15:17;2017-05-03 11:19:30;3210
Andrew Abogado;167977;2010-07-15 23:19:40;2017-05-05 12:47:56;1
Naveed;175587;2010-07-29 17:13:09;2010-09-09 10:03:47;98
TradeSurplus;176414;2010-07-31 00:16:41;2017-08-14 10:33:18;1
Ryan;640006;2010-08-11 06:14:37;2010-08-11 06:14:37;1
Abhinav gupta;643620;2010-08-11 17:47:13;2010-08-12 10:03:42;1
Mr. X;642627;2010-08-19 00:18:33;2010-11-06 03:30:39;3
imrk;645125;2010-08-27 01:05:43;2010-08-27 01:05:43;6
Dan Denney;195582;2010-09-03 06:05:23;2017-08-14 02:04:02;137
adelarsq;198331;2010-09-09 03:26:03;2017-08-15 15:41:34;2278
user454374;205551;2010-09-21 23:52:09;2010-09-21 23:52:09;1
John;655658;2010-10-03 07:17:06;2010-10-04 02:59:57;21
Adrian Macneil;210862;2010-09-30 14:06:34;2017-01-20 05:30:57;9264
Andrea.Ko;660160;2010-10-12 06:09:45;2011-02-22 06:33:54;8
emclaus;660165;2010-10-12 07:25:58;2011-03-02 23:45:21;1
Milli Szabo;663281;2010-10-26 20:41:00;2010-10-26 21:20:26;21
Pallavi;669051;2010-11-03 02:28:51;2010-11-04 11:29:37;21
DeadWarlock;232344;2010-11-04 14:59:12;2017-06-11 21:25:28;505
Tomas Panik;234123;2010-11-07 23:28:56;2017-08-14 21:31:55;2035
metoo;677909;2010-11-30 19:18:56;2010-11-30 20:30:53;11
Robert Stam;254512;2010-12-07 19:55:25;2017-03-31 17:03:07;9537
user544288;260625;2010-12-16 07:57:20;2014-03-08 08:02:35;6
Dan R.;268083;2010-12-29 04:49:36;2017-07-26 22:25:28;616
Peter;271838;2011-01-04 16:12:14;2017-08-15 15:50:04;1064
user566399;274280;2011-01-07 06:56:08;2017-03-08 13:41:02;1
penghaitao;699576;2011-01-17 09:02:30;2011-01-21 10:28:02;6
Kihyo Moon;699532;2011-01-25 09:42:52;2011-01-26 10:30:17;6
Jeri;702629;2011-02-01 17:22:20;2011-02-25 05:21:39;6
perumal;300819;2011-02-08 16:31:22;2014-08-25 23:20:24;51
prem;710362;2011-02-11 11:18:51;2011-02-24 12:53:45;81
John;714367;2011-02-27 18:30:37;2011-05-11 10:02:52;1
onedevteam.com;316192;2011-02-24 14:37:30;2017-08-11 22:09:13;1327
Rolv Seehuus;325608;2011-03-06 15:00:23;2013-04-09 22:25:19;36
ronen;721365;2011-03-08 00:25:28;2011-03-08 02:38:21;1
Paul Morris;333634;2011-03-15 00:25:39;2015-01-13 17:49:32;948
yomen;339373;2011-03-21 06:52:07;2016-05-06 13:45:13;11
bobbinhood;337843;2011-03-18 19:29:34;2011-03-23 03:27:18;1
serg66;345242;2011-03-26 16:02:08;2017-08-15 12:18:06;735
Marcus Barnet;352211;2011-04-02 22:23:16;2017-04-26 15:52:08;813
exu;356953;2011-04-07 16:43:59;2014-09-12 13:23:40;196
user700046;358941;2011-04-09 18:54:55;2014-11-03 21:12:37;3
Emb;740403;2011-04-20 17:07:35;2011-12-20 09:59:51;13
Helper;744820;2011-04-22 21:00:22;2011-06-03 17:08:23;11
hannesbelen;381199;2011-05-03 12:12:07;2017-08-11 14:25:20;105
sd13;745262;2011-04-29 21:50:36;2011-05-26 09:43:31;3
adrian;385382;2011-05-07 01:31:54;2012-03-25 01:49:07;23
sathish;753591;2011-05-17 17:23:27;2011-05-17 21:41:24;11
Josef;756662;2011-05-24 18:45:44;2011-06-28 22:08:13;6
user762282;397894;2011-05-20 11:10:19;2013-01-30 06:37:12;1
Jeffers;759813;2011-05-31 14:43:22;2011-07-25 12:10:52;11
kaz odan;763530;2011-06-08 00:36:16;2011-06-12 22:12:17;18
Nuri;413589;2011-06-07 15:09:02;2017-08-14 23:20:08;37
lunicdumitru;418830;2011-06-13 12:38:58;2011-06-20 02:21:14;3
Ogre71;417957;2011-06-11 23:44:06;2017-08-15 08:07:47;51
ashams;426341;2011-05-13 17:43:29;2017-08-08 08:26:09;1
rakeshNS;433272;2011-06-28 08:43:53;2017-08-09 20:12:53;2907
Dominic;439564;2011-07-04 22:25:54;2015-09-25 08:46:46;341
cxbig;435758;2011-06-30 11:08:35;2014-11-23 19:06:24;1
pns;443834;2011-07-08 15:48:08;2017-08-15 14:03:39;46
user840539;447104;2011-07-12 14:59:37;2012-10-05 07:45:04;1
awetawef;786491;2011-07-23 23:34:37;2011-07-24 01:32:29;16
Irosh Fernando;786993;2011-07-23 19:31:48;2011-07-23 19:31:48;11
dfrishberg;464382;2011-07-28 19:47:01;2017-08-14 17:07:42;91
David Diez;459752;2011-07-24 20:41:17;2017-08-15 06:28:00;334
okdan;629611;2011-08-01 00:41:08;2011-08-13 14:15:39;1
user874854;468704;2011-08-02 18:45:17;2016-02-26 15:09:30;50
Sambo;540760;2011-08-10 07:44:34;2014-12-01 14:51:01;66
minyatur;474388;2011-08-08 16:14:40;2017-08-09 20:24:51;65
Sick;809209;2011-08-15 13:50:23;2012-01-13 16:40:30;11
fabi;479037;2011-08-12 13:00:12;2017-08-15 13:55:59;2087
adsdd;794754;2011-08-18 18:07:41;2011-08-19 00:11:44;1
Laurent Dezitter;541296;2011-08-24 18:05:14;2016-12-21 20:45:44;560
Nikolay Dyankov;874818;2011-09-02 09:34:23;2017-08-05 15:31:22;2222
ngoc ho;901895;2011-09-10 07:15:23;2012-01-07 21:17:28;1
Rahra;894790;2011-09-07 12:42:17;2012-01-27 17:28:38;11
Harald;921519;2011-09-19 20:46:50;2011-10-14 12:31:03;18
Stefan;936965;2011-09-26 23:33:16;2017-08-15 16:23:18;606
"Lars Pensj&#246;";933630;2011-09-25 00:17:14;2017-07-06 12:06:52;437
Mathan Kumar;943631;2011-09-29 18:07:15;2013-08-22 21:49:54;239
Stan;958286;2011-10-07 03:54:05;2011-12-18 06:14:04;21
Lukas;963087;2011-10-10 06:29:44;2017-08-12 19:30:50;519
allcaps;968577;2011-10-12 17:46:41;2017-08-15 16:00:00;5936
Guru Govindan;990027;2011-10-21 21:43:42;2017-08-01 23:56:03;538
Kevin B;959533;2011-10-28 18:50:03;2013-01-15 22:52:18;1
Hiroki Kumazaki;1002350;2011-10-27 20:40:34;2017-08-11 11:36:26;339
VoidStack;1023649;2011-11-07 12:30:19;2016-03-02 07:35:52;1226
rohit;1044494;2011-11-16 17:51:05;2014-04-14 16:11:51;28
thomasloh;1062034;2011-11-24 11:32:39;2013-06-05 23:43:28;23
brian.allian;1066522;2011-11-26 17:52:26;2011-11-26 19:28:01;1
hannes ach;1083758;2011-12-04 15:43:17;2017-08-15 14:20:51;544
Amaerth;1079250;2011-12-02 08:01:13;2013-03-21 18:29:17;183
"Fl&#225;vio Ivan";1088004;2011-12-06 14:15:03;2015-11-03 13:47:39;310
"Istv&#225;n Csan&#225;dy";1097970;2011-12-10 15:36:25;2017-08-14 20:24:19;85
Wayne;1110996;2011-12-16 11:27:45;2015-06-27 00:29:47;1
mindlessgoods;1110315;2011-12-16 02:40:54;2016-05-25 02:31:40;455
James Warne;1127184;2011-12-24 05:00:42;2017-08-03 18:50:35;176
Lubomir Rintel;1142374;2012-01-02 12:22:23;2015-06-30 15:16:36;51
sschuberth;1144386;2012-01-03 12:57:14;2017-08-09 11:30:24;12232
Jenny Dithe;1156490;2012-01-08 14:35:09;2012-01-11 23:29:06;6
Mikolah;1166503;2012-01-12 08:00:59;2012-01-19 15:10:58;6
user1147646;1170315;2012-01-13 16:07:27;2017-08-11 15:15:46;51
Lior Avramov;1179572;2012-01-18 00:33:56;2016-07-24 15:14:36;160
Mazur;1196575;2012-01-25 03:13:27;2017-08-15 15:29:47;41
Dominik;1193219;2012-01-25 05:13:24;2017-08-15 15:57:18;354
Yabulka;1204287;2012-01-28 00:21:02;2013-10-15 08:24:04;1
krdln;1207304;2012-01-29 19:51:41;2016-09-19 20:08:54;513
mandrake;1220501;2012-02-03 14:06:18;2012-02-09 12:49:44;21
Kishore;1218468;2012-02-02 20:18:50;2012-03-07 20:08:15;1
ssgg Google Developer Platform;1246591;2012-02-14 02:46:59;2017-08-15 02:57:06;684
bryo;1245835;2012-02-13 21:04:39;2015-06-02 17:46:01;19
Matt;1261439;2012-02-19 22:42:30;2012-03-31 06:32:31;36
Neal Young;1271772;2012-02-23 12:49:39;2017-08-15 04:12:31;157
jdrm;239859;2012-02-20 19:23:27;2017-08-09 23:13:52;346
vap78;1285724;2012-02-29 01:03:30;2017-08-11 23:28:28;609
aaandre;25242;2009-02-10 23:22:23;2017-08-15 07:35:28;1260
Ashiq;1295463;2012-03-03 13:49:07;2017-08-15 02:14:04;153
Nas;1290582;2012-03-01 17:38:54;2012-03-07 13:44:09;6
KGG;1312069;2012-03-09 21:42:41;2012-04-25 19:38:25;11
teodron;1308284;2012-03-08 14:51:39;2017-08-11 16:51:07;719
asksven;1324008;2012-03-14 18:24:40;2015-01-09 00:50:36;126
user1261072;1313625;2012-03-10 17:38:18;2012-03-10 18:43:07;1
Ottobahn;1337354;2012-03-20 03:53:53;2012-03-20 03:53:53;11
Stephen Bartholomew;1331108;2012-03-17 01:50:14;2017-08-15 16:12:23;168
Akhilesh;1292853;2012-03-20 11:33:38;2015-08-25 14:29:00;9
Samuel Gosselin;200811;2012-03-27 15:24:47;2014-04-30 01:12:34;491
iambsoft;1371392;2012-04-01 19:52:23;2013-09-19 18:47:40;11
Kinematic;1388615;2012-04-08 11:12:28;2015-03-16 20:18:56;8
macene;1383638;2012-04-05 23:20:16;2012-05-11 00:51:15;3
RoaAlturki;1394584;2012-04-10 20:54:27;2013-09-19 14:55:19;1
dikerex;1401165;2012-04-12 22:31:36;2015-06-30 15:16:17;10
Mehul;1405125;2012-04-14 12:32:21;2016-05-12 10:20:33;71
TJ5927;1406330;2012-04-15 04:13:02;2012-11-06 23:43:27;1
Minnen;1417443;2012-04-19 04:39:42;2015-11-05 04:45:48;167
user1359111;1438180;2012-04-26 19:40:57;2013-08-07 19:29:58;21
Zeus;1444647;2012-04-29 05:01:15;2012-06-09 23:11:45;161
Bounce;1466705;2012-05-07 13:05:02;2015-10-07 23:39:52;39
U8oL0;1455531;2012-05-03 02:49:00;2015-02-25 01:57:04;8
Chris;1476675;2012-05-10 15:09:33;2016-01-29 09:28:18;6
Nick;1471740;2012-05-09 01:12:47;2012-06-08 02:27:56;1
DavidH;1492585;2012-05-16 22:10:19;2013-10-03 16:50:42;8
lfrodrigues;1492637;2012-05-16 22:33:44;2017-08-09 21:25:22;190
user1407197;1503225;2012-05-21 10:31:29;2012-05-21 10:31:29;1
Roland Guichard;1506452;2012-05-22 12:36:46;2013-12-05 22:38:53;11
user1410262;1507132;2012-05-22 16:56:15;2012-05-22 17:11:40;1
Ben Schwab;1515295;2012-05-25 06:28:33;2017-08-12 01:16:22;26
Will Mo;1524538;2012-05-29 13:22:19;2017-08-15 10:56:05;41
KalleD;1527505;2012-05-30 12:41:06;2012-05-30 12:41:06;1
santosa hw;1545836;2012-06-06 13:48:07;2017-03-18 01:19:23;1
stillWindows7;1537561;2012-06-03 07:39:30;2012-06-03 07:39:30;1
akbas;1558033;2012-06-11 13:16:44;2016-11-09 19:26:14;70
hannan;1558854;2012-06-11 18:58:17;2013-07-28 16:07:14;1
aurum;1566736;2012-06-14 09:18:46;2014-04-14 16:16:21;1
user1450780;1560896;2012-06-12 13:04:51;2016-08-15 11:39:24;1
user1469474;1584873;2012-06-20 17:59:14;2013-06-18 06:11:44;8
Maurice van der L;1573763;2012-06-16 19:43:32;2014-07-18 00:16:45;8
user1470598;1586336;2012-06-21 02:25:57;2015-04-01 21:24:12;41
Alex Liao;1597538;2012-06-25 11:06:50;2014-10-29 03:43:21;66
PutBoy;1605882;2012-06-27 18:38:15;2016-10-10 18:23:37;114
deltaoffset;1606501;2012-06-27 21:56:29;2017-07-31 21:44:22;1
Rubiksmomo;1571990;2012-07-02 10:52:39;2017-07-30 23:39:40;180
themono;1627633;2012-07-05 06:48:07;2012-07-27 07:20:04;3
user1502584;1627326;2012-07-05 02:28:43;2014-06-16 00:45:57;1
user1511923;1639122;2012-07-09 16:12:10;2013-02-13 15:15:24;1
user1519929;1648992;2012-07-12 10:57:55;2012-07-12 11:28:40;1
ruwan800;1656154;2012-07-14 18:18:54;2012-07-14 18:18:54;1
CaTalyst.X;1652375;2012-07-13 09:55:15;2016-11-22 20:17:33;1152
Brooks Robertson;1672624;2012-07-19 22:28:18;2014-01-16 17:52:12;1
Djomla;1684876;2012-07-24 14:28:09;2017-08-15 15:37:50;389
Haider Khan;1681601;2012-07-23 15:36:18;2012-07-26 09:57:49;1
pirx;1688645;2012-07-25 15:28:25;2015-09-23 16:29:50;1
ub3rdud3;1694941;2012-07-27 06:57:44;2017-08-11 01:17:59;1
Garrett Miller;1708685;2012-08-01 03:53:40;2014-06-17 02:31:18;81
Adams Gwazah;1711499;2012-08-01 22:28:52;2013-06-02 17:22:07;16
user1575696;1719374;2012-08-04 10:32:50;2012-08-05 04:28:40;1
user1570977;1713371;2012-08-02 13:43:59;2012-08-07 17:45:07;1
user1582384;1728173;2012-08-07 19:23:44;2017-06-05 22:12:03;1
Abdul Waheed;1734389;2012-08-09 14:55:52;2013-09-19 11:33:07;1
user1597713;1747965;2012-08-14 14:04:33;2014-05-19 20:18:53;107
user1599991;1750885;2012-08-15 11:22:16;2013-04-11 18:41:56;59
Carl;1760027;2012-08-17 20:14:27;2013-09-16 14:26:19;18
user1607240;1759822;2012-08-17 19:01:01;2012-10-30 23:28:37;1
Kristin Turner;1776129;2012-08-23 17:30:32;2012-08-23 19:18:38;1
user1612868;1767297;2012-08-21 02:10:16;2014-11-01 01:54:15;196
Gabriel Kratschmer;1783806;2012-08-26 16:17:32;2012-09-04 12:59:26;1
CJ De Mira;1785371;2012-08-27 10:39:51;2012-08-27 10:39:51;1
user1635625;1796286;2012-08-30 13:39:26;2012-08-30 13:39:26;1
user1639154;1800711;2012-08-31 19:52:15;2017-08-15 14:44:47;1
user1648401;1812658;2012-09-05 12:27:53;2012-09-05 12:43:05;1
Vlad;1811554;2012-09-05 02:46:29;2015-12-04 18:13:45;7
michelle;1818605;2012-09-07 00:58:09;2016-08-19 21:13:14;31
ben135;1829824;2012-09-11 05:46:50;2015-01-30 08:33:19;101
Ben Quach;1836912;2012-09-13 02:21:28;2016-02-19 09:36:10;39
user1672499;1843609;2012-09-15 01:21:54;2013-11-07 08:36:10;1
Rohit ...;1841352;2012-09-14 11:05:30;2012-11-16 12:00:32;1
zulunation;1857865;2012-09-19 16:40:36;2017-08-08 08:54:03;94
user1683115;1857917;2012-09-19 16:51:38;2014-10-08 14:58:28;1
Arc;1878711;2012-09-26 10:26:42;2012-09-30 11:08:06;1
Vasyl Hordynskyy;1875782;2012-09-25 14:53:53;2014-03-14 12:41:33;21
vijay;1886858;2012-09-28 13:56:14;2012-12-29 23:59:42;151
rabidworm;1891105;2012-09-30 05:50:45;2013-01-12 02:37:34;6
user1716162;1900151;2012-10-03 10:09:27;2013-04-11 13:11:40;1
Dash;1893326;2012-10-01 08:35:40;2017-08-05 23:28:39;38
stubacca81;1917678;2012-10-09 00:20:27;2013-10-11 14:18:00;1
Andrea Reiner;1905975;2012-10-04 21:31:10;2012-10-04 21:31:10;1
user1732711;1921260;2012-10-09 22:45:58;2017-08-14 00:54:39;69
user1735094;1924273;2012-10-10 17:48:23;2012-10-14 10:20:28;1
jpbe;1935245;2012-10-13 20:59:52;2014-01-29 14:59:13;1
milczu;1931515;2012-10-12 14:07:02;2015-04-25 03:12:12;6
Sri;1956626;2012-10-19 17:36:19;2013-03-14 21:53:28;11
Toon Nelissen;1948212;2012-10-17 14:47:31;2017-08-02 17:51:03;26
"Rog&#233;rio Marinho";1959594;2012-10-20 18:11:33;2012-10-21 17:41:56;8
Peter Briggs;1970035;2012-10-23 22:33:26;2013-05-09 01:11:56;1
ksmp;1978780;2012-10-26 05:30:28;2015-01-23 08:11:43;1
stalet;1990926;2012-10-30 12:20:31;2017-08-11 10:03:34;458
nurgasemetey;1985291;2012-10-28 15:46:15;2017-08-15 16:01:35;164
Arpan Bose;2006833;2012-11-03 16:48:25;2012-11-19 23:06:55;1
user1799798;2011476;2012-11-05 14:12:18;2013-11-28 07:15:54;1
romkansk;2020794;2012-11-07 22:19:22;2013-05-17 23:19:11;38
BigWeb;2013357;2012-11-06 00:22:26;2015-08-26 23:34:58;1
user1815658;2032333;2012-11-11 10:10:02;2012-12-19 13:44:37;26
stackoverflow;2028925;2012-11-09 23:19:09;2012-11-20 18:21:39;31
Andrew Long;2048516;2012-11-16 02:06:38;2015-05-21 23:19:46;1
"C&#233;zar Ant&#225;res";2041670;2012-11-14 07:57:54;2013-07-04 07:49:19;1
Joe Finn;2054638;2012-11-18 03:54:05;2012-11-18 03:54:05;1
Serdar Ozler - Microsoft;2059769;2012-11-19 22:17:28;2016-02-06 01:26:18;3003
user1847671;2073738;2012-11-23 17:31:28;2013-02-22 14:52:31;1
Jessicajet;2070853;2012-11-22 18:49:49;2014-01-07 20:03:01;28
rafaelrapina;2077775;2012-11-25 08:56:18;2013-01-28 00:58:18;6
Tracy Lee;2080814;2012-11-26 13:03:28;2012-11-26 13:29:24;1
SukruK;2093640;2012-11-29 14:38:04;2017-08-11 15:24:15;365
Ethan Gillis;2102208;2012-12-02 03:16:02;2013-02-09 09:33:49;1
Marcos Nunez;2111738;2012-12-04 23:50:10;2013-12-19 00:58:58;1
Woshiernog;2106228;2012-12-03 16:01:58;2015-11-19 19:56:30;36
catherine;2126357;2012-12-09 00:43:54;2012-12-30 09:55:38;1
Eugis;2130627;2012-12-10 15:57:44;2017-05-29 15:06:11;1
Naresh Swami;2136986;2012-12-12 06:44:54;2012-12-12 06:44:54;1
Wayne Vucenic;2143857;2012-12-13 22:22:12;2017-08-11 21:52:35;10
chocks;2146297;2012-12-14 15:21:33;2013-01-23 10:21:08;18
Kris Wine;2156714;2012-12-18 08:01:35;2013-08-18 23:57:40;6
user1916924;2163233;2012-12-20 00:16:48;2014-06-18 11:28:50;1
user1925092;2173885;2012-12-23 18:34:57;2013-02-13 15:35:24;1
zahi elbaz;2173425;2012-12-23 13:12:15;2013-01-16 22:07:21;1
user1938742;2191978;2012-12-31 04:27:33;2016-06-26 18:46:43;63
user1931623;2182462;2012-12-27 12:42:10;2013-01-04 09:24:20;1
D.Seijts;2201336;2013-01-03 17:19:56;2013-05-30 14:01:41;1
Michael McCrae;2205126;2013-01-04 16:27:42;2013-01-04 16:27:42;1
pashok daku;2217525;2013-01-08 14:36:46;2013-02-18 12:18:36;1
user1959958;2220486;2013-01-09 06:42:30;2013-01-09 06:42:30;1
alex;2225037;2013-01-09 20:38:46;2013-01-22 01:19:07;1
qiailin;2231226;2013-01-11 07:04:07;2013-02-20 10:33:35;1
user1974761;2239292;2013-01-13 23:37:33;2017-08-15 14:28:29;1
scalauser60;2233061;2013-01-11 17:57:31;2013-06-29 09:12:13;1
Jinyan Jiang;2250210;2013-01-16 10:19:23;2016-05-04 15:39:48;1
johannes;2254945;2013-01-17 11:47:58;2014-07-21 20:48:05;76
Kelly Lala;2264707;2013-01-20 02:58:10;2014-11-22 06:33:37;1
James Williams;2261661;2013-01-18 23:58:35;2013-01-18 23:58:35;1
user2008360;2283853;2013-01-24 21:07:35;2013-01-27 00:07:25;1
1419krusty;2283116;2013-01-24 18:14:32;2014-05-15 22:43:59;1
user2011633;2288050;2013-01-25 20:21:32;2013-04-12 15:43:36;1
user2019452;2298604;2013-01-28 23:59:47;2013-03-08 04:47:54;1
INDOAIR CHENNAI;2307579;2013-01-30 22:26:10;2013-01-30 23:46:08;7
obadz;2311512;2013-01-31 19:09:36;2017-06-04 01:52:53;780
Wayne;2316668;2013-02-01 22:35:27;2013-02-22 02:19:23;331
Kaushik Gopalan;2332873;2013-02-06 11:05:44;2017-05-10 10:55:42;28
Ali;2151122;2013-02-05 01:54:59;2017-07-14 14:27:18;10
Kmarine;2342013;2013-02-08 07:29:48;2013-02-14 06:41:16;1
user2059144;2349997;2013-02-10 20:18:04;2013-02-10 20:18:04;1
genky;2362256;2013-02-13 18:30:06;2013-05-18 02:38:36;22
DFY;2351810;2013-02-11 10:34:35;2013-02-26 04:52:36;16
Ve9;2365474;2013-02-14 12:19:31;2016-06-27 12:42:52;60
fr0zenst0rm;2372195;2013-02-15 22:10:16;2017-08-07 22:07:28;18
user2080512;2377601;2013-02-17 17:44:46;2013-02-18 21:23:28;1
estmsk;2377301;2013-02-17 15:00:09;2017-08-12 07:39:29;1
user2097054;2398841;2013-02-22 00:28:17;2013-02-22 00:28:17;1
Laurent Urbain;2396915;2013-02-21 17:04:18;2013-02-26 17:45:50;1
user2102919;2406643;2013-02-23 22:19:23;2013-06-03 12:35:49;11
user2100776;2403695;2013-02-23 00:09:50;2017-07-19 17:12:39;36
"Viktor Podh&#225;jeck&#253;";2423398;2013-02-27 18:53:58;2014-10-31 20:32:28;1
zuo;2422670;2013-02-27 16:22:39;2013-04-29 19:32:10;151
Derek Slayton;2438621;2013-03-03 03:55:41;2014-02-04 03:38:30;1
Sushma Tester;2432125;2013-03-01 12:41:38;2013-03-05 17:16:50;1
user2130308;2442112;2013-03-04 07:09:11;2013-03-04 10:13:59;1
Domingo Ugarte;2445996;2013-03-05 00:41:34;2013-12-31 17:06:59;11
jandg;2457160;2013-03-07 02:59:32;2013-07-22 18:43:29;1
Sandeep Gill;2471592;2013-03-10 11:34:17;2017-08-04 00:45:31;139
Andrew Xu;2472584;2013-03-10 19:12:51;2013-03-10 19:12:51;1
user2164036;2485560;2013-03-13 10:18:30;2013-03-13 10:18:30;1
V13Axel;2488313;2013-03-13 20:12:20;2017-08-15 02:47:25;743
user2178929;2504917;2013-03-17 13:15:33;2013-10-27 16:14:32;16
user2179577;2505814;2013-03-17 19:21:06;2013-03-18 10:35:41;1
Guilherme Pigosso;2515270;2013-03-19 18:07:10;2013-05-29 09:10:26;6
user2199029;2530654;2013-03-22 15:33:20;2013-03-22 16:52:40;16
DEBADRITA GHOSH;2519935;2013-03-20 15:04:37;2013-03-20 15:04:37;1
user2202053;2534582;2013-03-23 14:50:54;2016-07-22 18:13:47;1
Raool Narsihn Rahul;2531967;2013-03-22 20:36:39;2013-03-27 11:47:30;21
Milad M;2547535;2013-03-26 18:40:53;2017-02-13 09:55:50;101
Deepa;2545569;2013-03-26 10:41:28;2013-03-27 13:21:21;1
Cheong Xin Ling;2559626;2013-03-28 21:50:23;2013-03-28 22:05:32;1
Vic;2561929;2013-03-29 05:06:12;2013-05-15 13:16:19;1
Callie Roberts;2573903;2013-04-01 16:21:34;2013-04-08 21:20:10;1
user2236312;2579277;2013-04-02 17:32:28;2014-10-31 19:48:55;21
"J&#225;n Hradil";2585246;2013-04-03 19:24:13;2013-06-12 13:34:51;11
Viscaria89;2584154;2013-04-03 15:39:19;2013-07-04 16:45:02;1
Maffen;2605938;2013-04-08 14:15:35;2017-02-10 19:14:32;1
Mateusz;2600430;2013-04-06 23:25:08;2013-07-05 11:58:54;1
user2266909;2618268;2013-04-10 19:52:10;2013-07-03 20:32:58;1
user2260783;2610616;2013-04-09 12:20:40;2017-03-20 15:56:42;1
user2272777;2625734;2013-04-12 06:58:49;2013-04-12 06:58:49;1
user2280864;2636290;2013-04-15 05:03:24;2013-11-15 01:44:35;1
facebook-100001030682183;2642848;2013-04-16 15:10:36;2014-02-22 01:25:33;1
Ahmed A. Farouk;2659453;2013-04-19 17:56:01;2015-05-17 17:49:35;1
user2297521;2657058;2013-04-19 06:18:03;2013-06-18 17:19:27;1
Jenya Y.;531024;2013-04-22 16:49:21;2017-08-12 20:12:15;96
Sibo Lu;2667391;2013-04-22 02:49:12;2013-04-24 07:57:50;1
10001110101;2676831;2013-04-24 00:59:41;2017-04-06 02:36:25;190
Gutoh Morais;2673731;2013-04-23 13:06:31;2013-09-20 07:47:20;1
Murolack;2693962;2013-04-27 13:57:17;2017-08-15 09:41:32;78
user2327533;2695299;2013-04-27 22:37:40;2013-06-21 07:12:05;1
user2338008;2709135;2013-05-01 05:26:18;2016-02-18 22:17:39;1
Carlo Ferraresi;2706467;2013-04-30 17:07:23;2014-02-28 13:04:00;1
Will;2713228;2013-05-02 03:29:23;2015-03-20 20:24:07;166
Jeppe Larsen;2714634;2013-05-02 12:17:48;2013-11-25 19:13:19;8
user2354346;2730432;2013-05-06 14:50:04;2013-05-06 14:50:04;1
anant;2730187;2013-05-06 13:44:51;2013-05-06 18:27:55;1
Gareth;2741409;2013-05-08 18:49:42;2013-08-14 17:13:12;11
Wouter;2739686;2013-05-08 12:34:08;2017-08-11 16:58:45;49
David Ferguson;2760563;2013-05-13 15:27:00;2013-05-13 15:27:00;1
Ricardo Llamas;2750765;2013-05-10 17:32:12;2014-11-29 07:56:49;1
user2382516;2767059;2013-05-14 19:57:23;2013-05-31 13:00:38;21
Matt Row;2769721;2013-05-15 10:23:45;2013-06-11 21:26:49;1
Not Even Slinky;2778152;2013-05-16 22:42:08;2013-10-21 00:00:38;1
Роман Кононихин;2787626;2013-05-19 13:54:45;2015-10-02 19:28:04;21
Chris;2795817;2013-05-21 14:28:03;2016-01-20 19:27:51;1
Arjen Buising;2696044;2013-05-20 19:43:37;2013-06-03 13:47:31;1
Pierre Gomez;2804137;2013-05-23 05:06:25;2014-05-24 17:49:15;1
Will Tachau;2812962;2013-05-24 23:34:36;2017-08-15 07:08:02;8
user2421972;2817285;2013-05-26 13:44:30;2016-05-12 09:02:17;1
Akatsuki Leader;2820937;2013-05-27 14:59:50;2015-03-12 12:04:06;8
Rajesh Keshri;2834653;2013-05-30 11:29:14;2017-02-21 17:41:29;6
MikeJeff;2827812;2013-05-29 00:12:20;2014-07-29 00:20:09;1
JJ Pagac;2852567;2013-06-04 00:45:31;2017-06-21 15:08:34;1
Muthu Chandrasekaran;2863790;2013-06-06 10:51:04;2016-08-29 21:00:40;34
user2457006;2861921;2013-06-05 22:40:20;2015-03-11 18:43:17;1
Akinobu Date;2876403;2013-06-09 17:29:21;2014-02-08 12:44:52;1
Mary Adoga;2868611;2013-06-07 10:26:17;2013-06-07 10:26:17;1
user224874;2876356;2013-06-10 16:51:28;2016-01-27 01:53:47;11
user2470927;2879761;2013-06-10 16:36:15;2014-05-30 12:27:48;1
user2489974;2904121;2013-06-16 06:31:06;2013-08-28 19:18:20;8
user2480988;2892552;2013-06-13 10:01:19;2013-06-14 02:31:49;9
raive;2908727;2013-06-17 16:57:41;2016-10-07 00:06:20;1
Nikola_Pashov;2915468;2013-06-19 00:51:49;2013-11-20 01:32:39;1
user2500239;2917309;2013-06-19 12:16:34;2017-08-11 02:07:32;3
user2503504;1924353;2013-06-20 06:44:16;2014-02-03 10:58:32;1
James Knowles;1798820;2013-06-23 00:22:53;2013-06-23 01:01:23;1
goutham106;2936183;2013-06-24 09:20:05;2017-05-04 08:39:42;1
user2526863;2975800;2013-06-27 10:35:23;2013-07-09 02:35:16;1
Ashish;2970284;2013-06-26 07:57:58;2013-11-20 15:23:00;1
golemsolutions;2980359;2013-06-28 07:57:50;2016-09-23 18:49:10;1
El Guyo;2987801;2013-06-30 12:35:58;2013-08-17 12:27:45;1
user2548457;3003442;2013-07-04 02:32:55;2013-07-06 20:32:48;1
user2541893;2995222;2013-07-02 12:54:22;2013-10-25 11:10:13;1
Jayven;3015548;2013-07-07 13:36:58;2013-12-11 18:41:53;1
Ricci;3011503;2013-07-05 23:51:02;2016-01-19 16:11:45;1
shiv6146;3028037;2013-07-10 12:19:02;2017-08-07 22:12:42;1
MallickB;3028027;2013-07-10 12:16:58;2017-08-15 14:13:19;59
ARIJIT;3034461;2013-07-11 17:35:05;2017-08-15 13:22:57;555
medabeda;3033774;2013-07-11 15:00:42;2013-10-21 01:42:33;1
masswerk;3044364;2013-07-14 10:31:08;2015-01-25 03:54:54;241
Eran Marom;3052295;2013-07-16 13:15:10;2017-08-10 12:29:54;1813
user2599982;3068854;2013-07-19 19:18:02;2014-03-27 18:59:04;8
Joe Miragliotta;3059550;2013-07-17 21:40:13;2013-08-07 22:11:57;1
user2607396;3078625;2013-07-22 19:20:38;2013-07-23 18:16:11;6
user2602933;3072692;2013-07-21 00:00:31;2013-08-12 16:32:57;6
Figleaf;3088974;2013-07-24 20:41:33;2013-09-13 15:09:28;18
Marta Muniesa;3092441;2013-07-25 14:42:19;2016-06-09 17:57:04;1
Uncle Slug;3104464;2013-07-28 17:57:00;2017-04-20 07:29:47;358
user2622535;3097657;2013-07-26 15:22:00;2013-08-29 16:19:53;6
user2630706;3108379;2013-07-29 18:39:29;2013-10-22 20:37:50;1
Igor;3117582;2013-07-31 16:16:54;2014-10-29 10:24:27;1
Virai Ry;3132267;2013-08-04 05:49:38;2013-08-04 10:53:37;1
Gabriel Pillet;3127851;2013-08-02 18:51:01;2014-11-28 20:00:16;1
윤양석;3136274;2013-08-05 14:15:37;2013-08-21 16:37:24;1
Blaine Bolze;3142497;2013-08-06 20:38:19;2015-06-01 19:29:03;6
user2663468;3149809;2013-08-08 11:15:47;2017-04-17 08:17:33;50
arumat;3168639;2013-08-13 14:03:24;2013-08-15 17:58:35;4
P.lu;3169139;2013-08-13 16:11:57;2013-11-13 13:03:29;1
user2685790;3178496;2013-08-15 16:09:56;2014-09-05 18:36:52;1
trehm07;3182862;2013-08-16 15:20:23;2015-08-10 22:49:21;3
user2699116;3195935;2013-08-20 12:30:08;2013-11-28 10:25:50;3
ashish_jbd;3192210;2013-08-19 15:28:20;2013-08-22 12:22:00;18
frederik_olsen;3200264;2013-08-21 10:46:04;2014-05-28 16:14:53;1
Eric Bastarache;3203660;2013-08-22 00:46:32;2017-08-14 06:08:23;1
Scott Grimmett;3216712;2013-08-25 13:53:11;2017-04-23 14:41:27;1
code.hexist;3212437;2013-08-23 22:52:32;2013-09-01 19:31:22;1
teri.nk79;3224188;2013-08-27 13:00:40;2014-12-04 11:58:34;5
user2727498;3232615;2013-08-29 05:45:32;2013-08-29 05:45:32;1
user2730873;3236897;2013-08-30 01:16:20;2013-11-16 16:22:41;1
leftas;3242967;2013-08-31 16:14:36;2017-08-11 13:12:56;15
Jean Francois Boudier;3263673;2013-09-05 02:07:39;2014-11-21 17:44:24;1
Vorondil;3263541;2013-09-05 01:25:37;2013-11-03 06:39:43;16
Aurelien Maigret;3266386;2013-09-05 16:55:00;2017-08-15 12:02:21;167
user2756227;3273492;2013-09-07 07:55:03;2014-06-30 16:31:18;1
cms_goldie;3291873;2013-09-11 22:48:45;2013-10-03 23:33:05;1
Jeroen;3146877;2013-09-09 15:57:44;2016-12-06 17:50:01;1
tattykeeran;3292640;2013-09-12 02:37:42;2013-11-05 03:01:07;18
DrPayne;3294533;2013-09-12 13:47:34;2013-12-07 13:55:31;1
chumley;3305633;2013-09-15 08:16:59;2014-10-21 20:36:46;38
Uxinn;3305102;2013-09-15 02:17:03;2017-07-05 07:52:08;1
user2795998;3325905;2013-09-19 19:01:24;2015-06-17 18:39:40;1
user40235;3327414;2013-09-20 01:17:06;2013-09-20 01:17:06;1
user2803628;3336110;2013-09-22 10:30:55;2013-11-20 15:23:38;1
user2807824;3341664;2013-09-23 19:24:25;2013-09-24 16:16:36;6
Martin Serkin;3356460;2013-09-26 15:37:30;2013-09-26 22:42:27;1
Ghandi Manning;2902011;2013-09-24 18:12:40;2017-06-01 14:45:53;3
user2821686;3359576;2013-09-27 05:07:50;2014-07-06 13:36:25;1
Vinicius;3358789;2013-09-27 00:24:08;2015-02-11 22:42:03;1
user17855;2967720;2013-10-01 22:12:39;2017-08-15 00:26:09;1
user2837471;3380315;2013-10-02 10:23:42;2013-11-24 18:55:22;1
David;3392460;2013-10-04 18:25:17;2014-02-19 01:01:30;1
theprateik;3390091;2013-10-04 07:44:48;2017-08-14 22:56:19;1
user2852910;3400664;2013-10-07 04:21:58;2016-03-27 19:03:17;19
user2866548;3418236;2013-10-10 14:19:20;2014-04-01 12:48:25;1
Roxfal;3421438;2013-10-11 01:39:46;2013-10-28 05:56:17;1
hhel uilop;3427898;2013-10-12 08:16:29;2014-12-16 02:49:09;1
Johan Hirsch;3442311;2013-10-15 23:37:37;2017-07-31 00:02:28;199
user2882559;3440472;2013-10-15 16:41:05;2013-10-19 00:25:03;1
Laloi;3454837;2013-10-18 11:15:30;2013-10-18 11:15:30;1
BetaProofreader;2781375;2013-10-22 22:35:39;2013-10-22 22:35:39;1
Rahul_RJ;3476833;2013-10-23 08:39:57;2014-03-25 09:18:08;31
Riham Hosni;3487502;2013-10-25 03:58:11;2015-03-25 19:01:25;1
Isuru Sachitha Herath;3485183;2013-10-24 18:41:18;2017-07-27 17:34:38;1
Nishant;3494402;2013-10-26 18:13:48;2013-10-26 18:45:55;6
Mohamed Wagdy;3491558;2013-10-25 22:18:48;2015-04-22 14:12:36;8
RodolfoNeto;3515137;2013-10-30 23:05:24;2017-08-15 07:48:36;35
Ruchir Jha;3507277;2013-10-29 18:23:33;2014-01-14 00:04:46;11
劉冠佑;3530064;2013-11-03 17:53:32;2013-11-03 20:16:36;1
mRperFect;3529750;2013-11-03 15:34:46;2014-10-12 04:47:14;3
user2958816;3541991;2013-11-06 07:30:25;2013-11-13 03:37:01;1
Julien B.;3533172;2013-11-04 14:16:28;2013-12-03 18:17:18;1
fisk;3544970;2013-11-06 19:44:43;2017-08-15 01:42:26;472
user2966488;3551794;2013-11-08 00:26:18;2013-11-11 22:46:31;1
mlippie;3565957;2013-11-11 04:37:17;2017-08-15 15:22:22;1
hassan ali;3558357;2013-11-09 12:31:40;2017-04-14 02:10:51;1
Juan Torello;3573645;2013-11-12 17:28:07;2014-11-06 18:44:32;1
user2980192;3569478;2013-11-11 22:01:55;2016-12-10 17:54:59;1
user2997440;3591486;2013-11-15 22:37:03;2017-08-14 06:59:08;1
user2992930;3585689;2013-11-14 20:14:03;2013-11-25 02:13:37;1
user3002798;3599030;2013-11-18 03:23:02;2015-07-08 06:56:29;1
Bringing Fire;3603149;2013-11-18 23:18:42;2016-12-20 00:20:13;71
korshunov;3616598;2013-11-21 10:35:33;2014-04-10 01:57:01;29
Tambo;3612777;2013-11-20 18:00:41;2014-06-12 22:24:06;1
user3024061;3626627;2013-11-23 08:11:13;2014-02-21 08:57:06;6
user3025471;3628575;2013-11-23 21:18:23;2013-12-07 16:11:51;1
user3034900;3640766;2013-11-26 08:41:12;2013-12-03 08:00:03;1
user3044244;3652472;2013-11-28 07:24:36;2015-10-23 21:27:14;13
user3042538;3650162;2013-11-27 20:00:41;2014-05-14 19:37:02;1
user3050975;3661228;2013-11-30 04:08:20;2015-07-08 10:35:50;1
Omar Elabed;3670639;2013-12-02 19:16:05;2017-08-08 15:09:26;16
Simon H;3682092;2013-12-04 20:53:33;2017-05-12 11:59:45;125
user3065825;3680823;2013-12-04 16:34:50;2014-02-13 18:53:58;3
user3075598;3693581;2013-12-06 22:30:37;2015-07-02 05:11:34;8
iamatsundere181;3686375;2013-12-05 15:46:24;2017-08-15 11:36:57;388
Halu Kim;3707128;2013-12-10 07:46:44;2015-08-23 07:29:14;11
Moorsy;3706396;2013-12-10 03:00:36;2017-07-28 19:16:02;78
user3099640;3725672;2013-12-13 17:54:50;2015-11-10 15:44:24;1
endrega;3727221;2013-12-14 00:31:25;2014-12-30 07:32:24;15
user3106660;3735662;2013-12-16 12:56:25;2014-05-14 12:41:56;1
shlomoa;3745999;2013-12-18 13:51:50;2014-03-25 18:09:30;1
真烦人;3749758;2013-12-19 06:12:02;2015-04-15 09:21:50;1
Pritish;3756555;2013-12-20 16:40:49;2014-01-21 16:04:46;1
user3121892;3755431;2013-12-20 11:23:42;2015-05-19 16:21:49;1
Th3MadCreator;3776025;2013-12-26 17:37:13;2015-10-12 20:42:36;11
user3137038;3776272;2013-12-26 18:54:35;2013-12-26 18:54:35;1
user3141518;3782497;2013-12-28 12:32:16;2014-03-02 22:16:48;1
user3157571;3804861;2014-01-03 18:27:31;2014-02-28 10:17:29;1
user3152647;3798390;2014-01-02 10:16:21;2014-01-16 15:27:50;1
user3161203;3809967;2014-01-05 00:17:34;2016-11-15 10:50:37;1
MixMix;3817099;2014-01-06 20:53:25;2017-03-29 11:18:39;49
user3178704;3833847;2014-01-09 21:36:04;2014-01-20 00:06:28;1
changyou;3835775;2014-01-10 06:26:49;2017-08-11 05:12:10;1
user3188523;3847496;2014-01-13 03:42:01;2014-07-15 19:15:58;1
user3199023;3861355;2014-01-15 20:17:18;2014-05-10 15:56:55;223
"Juan P&#237;rez";3855111;2014-01-14 17:56:17;2017-02-21 17:45:59;1
user3209350;3875093;2014-01-18 12:10:17;2015-02-06 12:07:55;1
user3207913;3873140;2014-01-17 22:58:51;2014-01-17 22:58:51;1
user3211392;3877972;2014-01-19 08:18:23;2014-02-08 18:52:07;1
user3216905;3885396;2014-01-21 01:55:08;2015-02-27 10:47:02;3
Thompson;3891974;2014-01-22 07:50:03;2016-03-18 19:23:59;21
Maddyvinz;2386862;2014-01-23 11:09:12;2017-08-14 03:49:58;1
user3237811;3913111;2014-01-26 19:33:35;2015-08-25 18:05:12;6
jgorricho;3907241;2014-01-25 01:12:48;2015-03-17 22:52:15;1
user3246452;3925969;2014-01-29 01:42:51;2014-03-12 23:18:22;1
user3240379;3916718;2014-01-27 16:06:31;2014-04-11 15:21:52;3
user3257272;3943868;2014-01-31 16:16:10;2014-03-21 22:57:21;11
Omega;3944218;2014-01-31 17:36:06;2014-09-04 17:24:37;8
user3268079;3961096;2014-02-04 05:21:13;2014-02-09 08:15:40;1
user3276874;3972767;2014-02-05 23:59:52;2014-02-23 21:12:30;7
user3274894;3970076;2014-02-05 15:07:08;2014-03-05 10:24:54;1
user3282542;3980550;2014-02-07 09:53:24;2015-02-14 15:40:15;40
user3297385;4001446;2014-02-11 17:28:11;2015-09-17 13:46:43;1
user3292729;3994918;2014-02-10 15:54:39;2014-02-10 15:54:39;1
user3303715;4010047;2014-02-13 01:54:41;2014-02-24 01:48:51;11
Ross;4015413;2014-02-14 00:20:54;2017-05-04 21:20:13;82
user3318184;4032629;2014-02-17 11:48:41;2014-06-17 14:57:34;1
JakobGeitner;4034365;2014-02-17 17:49:28;2014-03-12 19:21:45;1
user3327663;4046616;2014-02-19 14:52:31;2014-03-27 10:58:21;1
Nishant Raj;4045177;2014-02-19 09:52:28;2016-10-18 07:52:49;1
user3334946;4057470;2014-02-21 02:56:47;2014-04-03 23:17:28;1
Sabina Dukatova;4063050;2014-02-22 01:30:53;2015-03-23 07:15:33;11
user3347342;4075565;2014-02-24 19:34:55;2015-08-10 14:42:49;1
MosCostache;4078898;2014-02-25 10:09:51;2014-02-25 10:38:28;1
user3350380;4079597;2014-02-25 13:09:44;2016-08-03 16:27:38;1
user3358204;4089896;2014-02-27 03:29:20;2017-08-04 07:04:16;16
Madlin;4104362;2014-03-01 22:05:58;2014-09-17 13:06:19;1
BrettL;4100302;2014-02-28 22:04:49;2017-08-15 01:21:27;126
yissi;4116107;2014-03-04 09:06:24;2014-03-19 11:37:00;1
user3374971;4112516;2014-03-03 16:59:24;2014-03-03 17:29:18;1
Silent Helper;4123209;2014-03-05 14:12:54;2014-03-13 12:48:55;26
user3383840;4124273;2014-03-05 17:56:08;2014-03-05 17:56:08;1
user3393654;4137296;2014-03-07 21:05:00;2014-03-24 15:04:49;1
user3396123;4140689;2014-03-08 17:23:02;2014-04-04 08:43:23;3
ChungKoL;4159476;2014-03-12 13:25:39;2014-06-27 11:13:47;1
Zeeshan Khan;4170913;2014-03-14 10:29:05;2017-08-14 16:44:17;535
Ahmad Maher;4160157;2014-03-12 15:35:03;2014-12-08 11:31:59;1
London Kallie;4184880;2014-03-17 16:47:41;2017-07-17 06:07:22;7
user3429253;4185371;2014-03-17 18:35:38;2014-03-17 19:35:09;1
user3430530;4187001;2014-03-18 00:12:08;2015-02-07 05:08:24;2
user3430956;4187580;2014-03-18 02:50:46;2014-04-07 04:15:56;21
user3442694;4203052;2014-03-20 19:16:13;2014-06-16 17:06:57;1
DBMan;4208518;2014-03-21 18:31:27;2015-01-26 18:47:16;1
user3455038;4220044;2014-03-24 14:59:05;2014-04-02 12:52:17;1
user3452697;4216751;2014-03-23 20:57:14;2014-06-25 22:15:30;1
user3463206;4230893;2014-03-26 12:38:02;2016-04-19 15:39:12;5
user3460465;4227192;2014-03-25 19:35:49;2014-09-30 17:04:01;1
pravesh;4243437;2014-03-28 17:18:35;2017-05-01 09:03:26;1
Forexury;4250379;2014-03-30 12:34:10;2015-04-27 12:08:33;14
user3485147;4260718;2014-04-01 16:48:07;2014-04-01 16:48:07;1
IHead;4254709;2014-03-31 14:27:24;2017-08-15 13:05:58;23
user3498259;4278096;2014-04-04 17:18:03;2014-08-21 16:45:53;1
user3494021;4272486;2014-04-03 17:37:29;2014-04-04 10:38:15;1
CountRock;4280875;2014-04-05 07:30:11;2016-09-14 22:00:12;1
user3512320;4297743;2014-04-08 22:19:38;2014-04-13 22:54:33;1
marlabs;4305566;2014-04-10 09:12:03;2017-01-31 17:49:28;16
user3527439;4318303;2014-04-12 22:07:42;2016-05-11 00:17:54;1
azonliner;4315895;2014-04-12 06:02:01;2014-06-25 05:54:47;1
user3530362;4322719;2014-04-14 06:07:46;2017-08-15 01:33:21;46
mountain.kaku;4343073;2014-04-17 19:12:50;2015-02-13 20:17:24;1
user3544241;4341024;2014-04-17 11:25:40;2014-06-19 23:06:23;1
rarbuthnot;3587145;2014-04-19 01:30:20;2017-08-14 18:20:43;1
goldfrapp04;1188174;2012-01-21 04:07:40;2017-08-15 01:26:48;780
NilsHolgerson;4369377;2014-04-23 14:51:48;2017-08-15 11:45:03;179
user3560686;4364496;2014-04-22 17:43:50;2016-10-09 06:16:38;1
user3572308;4380565;2014-04-25 13:20:58;2016-11-04 01:30:38;1
user3573919;4382747;2014-04-25 21:20:20;2015-12-09 10:44:15;4
user3581873;4394326;2014-04-28 18:59:07;2014-05-12 06:59:49;1
user3588441;4403420;2014-04-30 12:27:55;2014-04-30 12:27:55;1
user3597755;4416225;2014-05-03 01:33:22;2014-05-03 01:33:22;1
user3594857;4412332;2014-05-02 06:55:52;2016-08-30 01:18:20;6
Numbakrunch;524705;2014-05-06 00:17:17;2014-05-14 04:33:01;1
user3605246;4427040;2014-05-05 21:28:08;2014-05-05 21:28:08;1
user3619045;4445690;2014-05-09 08:39:32;2014-11-01 17:46:09;5
Sekku;4442850;2014-05-08 18:51:01;2014-05-09 13:50:37;1
Rahul Goulikar;4429991;2014-05-11 15:39:49;2014-05-15 00:58:58;1
Radek Kłos;4460891;2014-05-12 23:04:56;2017-08-14 10:45:53;184
"Alberto Hern&#225;ndez Herrera";4467741;2014-05-14 06:24:46;2017-07-28 12:34:31;1
Ahmed Saeed;4330789;2014-05-14 18:13:06;2014-07-23 08:27:57;6
user3640924;4475765;2014-05-15 17:04:40;2017-08-11 17:08:31;1
Fer Tovar;4476834;2014-05-15 20:37:02;2017-05-11 16:26:51;26
user3657900;4498775;2014-05-20 22:26:15;2014-05-20 22:51:45;1
user3655893;4496140;2014-05-20 13:21:00;2014-05-20 13:21:00;1
user3667961;4512166;2014-05-23 11:24:12;2014-06-25 05:16:55;1
Katey180;4511071;2014-05-23 04:27:44;2014-12-02 08:11:56;8
user3677716;4525863;2014-05-27 01:20:06;2015-04-16 05:56:12;1
user3675850;4523287;2014-05-26 13:42:16;2014-07-11 10:23:08;1
waakobrian;4530515;2014-05-27 23:29:39;2017-04-25 19:46:31;1
byronium;4532542;2014-05-28 11:28:30;2017-08-15 05:26:32;1
Eyal Livne;4555715;2014-06-02 17:16:22;2015-11-22 09:18:30;5
user3693129;4546752;2014-05-31 03:36:20;2014-08-12 22:48:42;3
user3708997;4568695;2014-06-05 02:21:28;2014-11-13 05:10:11;1
user3705271;4563703;2014-06-04 05:57:31;2014-08-13 13:10:27;1
rraven;4576391;2014-06-06 14:45:38;2015-05-19 10:42:58;1
user3713262;4574438;2014-06-06 03:33:08;2014-06-07 04:19:51;1
user27998;4299056;2014-06-08 20:51:38;2017-08-06 03:28:56;11
user3729595;4598097;2014-06-11 14:30:55;2014-06-13 10:18:04;6
stefan;4608141;2014-06-13 12:47:31;2017-08-10 14:42:12;139
emilyaro;4599553;2014-06-11 19:16:50;2015-06-14 00:13:37;13
Arfan;4616460;2014-06-15 22:19:33;2015-06-03 11:14:29;1
user3742645;4616205;2014-06-15 20:40:02;2014-06-28 18:58:01;1
user3757915;4636940;2014-06-19 23:48:44;2014-06-28 01:04:40;1
lightsurge;4634231;2014-06-19 13:48:41;2014-06-19 20:03:18;11
user3766450;4649104;2014-06-23 11:09:26;2017-08-14 12:44:28;16
user3761967;4642571;2014-06-21 05:25:33;2017-08-12 21:01:29;1
user3776371;4662418;2014-06-25 21:47:03;2014-06-25 21:47:03;1
user3774064;4659456;2014-06-25 11:28:44;2014-06-25 11:28:44;1
user3783319;4671688;2014-06-27 17:22:27;2015-02-13 13:55:47;1
matheus.paulo93;4683058;2014-06-30 21:29:32;2017-08-08 16:30:45;1
user7725;4283058;2014-07-03 12:46:32;2014-10-24 13:01:30;1
MJHd;4707343;2014-07-06 10:08:16;2017-08-12 02:35:44;13
user3814205;4714692;2014-07-08 02:29:07;2014-09-03 20:18:39;1
user3818003;4719730;2014-07-09 00:06:21;2014-09-07 21:45:25;1
Denuwan.hh;4724239;2014-07-09 20:33:30;2017-08-14 22:36:14;1
user299731;4691059;2014-07-09 20:50:10;2017-07-27 11:16:21;10
Hygor Pontes;4741381;2014-07-13 14:14:05;2014-07-15 17:40:23;1
Naveen Kumar;4739615;2014-07-12 22:10:02;2016-01-14 03:15:57;1
crispy2k12;4753331;2014-07-16 02:02:07;2017-08-15 04:16:42;90
Abdul Waheed;4759637;2014-07-17 06:41:07;2014-08-25 19:06:13;1
MayaC;4772254;2014-07-19 23:51:36;2016-04-11 14:46:46;11
lonekun;4776107;2014-07-21 07:25:15;2014-07-22 08:00:47;1
Arun Anand;4781560;2014-07-22 08:33:39;2015-03-23 09:47:26;11
user3866934;4786656;2014-07-23 06:27:05;2014-09-20 22:06:44;1
zeeshanaziz463;4795770;2014-07-24 19:52:44;2014-07-24 20:36:05;1
user3877125;2482891;2014-07-25 17:22:28;2015-09-17 11:42:19;1
Amaury Bauzac;4814214;2014-07-29 11:28:41;2016-10-07 18:13:23;11
user3883113;4809145;2014-07-28 09:29:50;2014-07-28 09:29:50;1
dualsaber;4823824;2014-07-31 05:12:04;2015-05-08 03:55:39;1
pavles;4826576;2014-07-31 17:47:16;2017-08-11 17:05:28;1
RobertDavid;4843503;2014-08-04 22:57:15;2016-12-02 09:21:02;1
Shubham Sikka;4835180;2014-08-02 17:12:30;2015-01-27 15:17:26;1
Tom;4850960;2014-08-06 11:31:26;2016-05-26 12:37:29;1
user3919351;4859182;2014-08-07 20:55:48;2017-06-22 15:25:44;3
alamin;4861336;2014-08-08 08:38:06;2014-10-03 14:32:52;1
user3933053;4878682;2014-08-12 14:59:09;2014-09-20 08:40:22;3
Kris Glodek;4878747;2014-08-12 15:14:03;2014-09-25 11:50:54;13
MING KEAT LIM;4889826;2014-08-14 16:06:44;2014-08-26 13:58:39;11
Sakthi;4897276;2014-08-16 09:29:28;2014-08-16 10:03:01;1
Daniel Yanuar Sebastian;4914617;2014-08-20 09:48:13;2014-09-19 11:14:50;6
Basharat Perdaisi;4902211;2014-08-17 17:49:09;2014-08-17 17:49:09;1
Allen Hancock;4805191;2014-08-23 06:55:39;2017-07-15 04:31:12;139
Lakeesha;4927313;2014-08-22 18:00:46;2015-07-08 15:03:08;1
photon test;4935450;2014-08-25 03:19:05;2014-09-05 21:04:42;1
wkk91193;4943123;2014-08-26 17:58:41;2015-07-24 10:03:06;1
Mahesh Pachbhai;4951644;2014-08-28 09:30:54;2015-10-31 14:58:27;1
Amac16;4951349;2014-08-28 07:33:19;2017-05-29 23:27:55;26
Rachanat;4969859;2014-09-01 21:42:30;2014-09-02 21:47:44;1
Srinivas Maale;4972145;2014-09-02 12:09:02;2014-09-02 12:09:02;1
Silpa Bhatraju;4976780;2014-09-03 10:33:34;2014-12-18 14:28:56;71
rajesh;4983384;2014-09-04 15:15:57;2015-03-08 09:05:54;1
Source Code;4992102;2014-09-06 10:45:37;2016-02-07 00:44:12;1
Amit Dubey;4995372;2014-09-07 12:08:03;2017-06-05 05:59:32;11
VanRijn;5010006;2014-09-10 15:03:38;2014-12-16 22:55:27;1
Ramsis Rady;5011407;2014-09-10 19:40:03;2014-09-10 19:40:03;1
vishal magare;5026586;2014-09-13 22:58:12;2014-09-13 22:58:12;1
dilucidis;5017184;2014-09-11 19:54:47;2016-05-03 19:25:57;18
Dips Chauhan;5038860;2014-09-16 18:56:05;2014-09-18 16:55:21;1
Mike Campbell;5043097;2014-09-17 14:10:53;2015-07-30 15:06:35;1
LS G;5054966;2014-09-19 17:01:18;2014-11-12 18:55:11;1
Caye475;5045327;2014-09-17 21:39:17;2014-12-05 19:43:05;1
Rajkumar Kumawat;5063131;2014-09-21 21:39:21;2017-08-10 15:10:27;336
user4071786;5073729;2014-09-23 22:24:23;2014-09-24 00:41:53;1
Meskis;5072738;2014-09-23 19:02:05;2015-09-13 15:49:45;11
CodingProblems;5091516;2014-09-26 22:34:41;2017-08-13 22:49:25;1
Milad;5090976;2014-09-26 20:18:55;2015-01-11 21:24:37;1
facebook-100008264945549;5106649;2014-09-30 14:20:05;2014-09-30 14:20:05;1
Hashem Zare;5108034;2014-09-30 19:06:07;2014-09-30 20:13:41;1
tarun vamsi;5121204;2014-10-03 07:56:01;2014-10-08 11:24:55;1
Nutthanit Wiwatbutsiri;5127184;2014-10-04 19:34:20;2014-12-03 20:09:24;1
indrajit51;5137842;2014-10-07 11:14:23;2014-10-07 11:14:23;1
Shadi Akil;5132554;2014-10-06 10:13:33;2014-10-20 20:37:01;1
Theo;5151155;2014-10-09 18:21:02;2015-04-01 11:05:04;11
Kapil Ghormode;5156082;2014-10-10 16:03:07;2016-05-27 17:23:26;16
sanxiago;5158751;2014-10-11 04:09:10;2014-12-05 04:18:15;1
Ankit;5172028;2014-10-14 10:46:31;2014-10-14 15:30:36;14
Ryan Bennett;5181900;2014-10-16 01:04:12;2015-04-24 19:31:05;1
Ripundeep Gill;5194938;2014-10-18 16:45:42;2014-10-31 09:54:25;4
daniel nyamasyo;5201013;2014-10-20 07:01:17;2015-02-06 08:13:11;1
bob;5204175;2014-10-20 19:53:36;2014-11-06 01:47:43;1
Melanie Hogue;5228575;2014-10-25 06:58:55;2017-06-15 04:23:04;8
raf padua;5217915;2014-10-23 05:29:00;2015-03-26 17:26:35;1
John Dow;5238969;2014-10-27 19:27:55;2015-02-05 22:58:58;1
audrey kropic;5235120;2014-10-27 00:44:20;2014-11-03 20:39:28;8
Pickiff;5254551;2014-10-30 12:54:32;2015-02-13 14:54:51;84
Muino Taquidir;5254258;2014-10-30 11:59:23;2017-07-18 16:39:50;1
Jn.Dangnh;5259086;2014-10-31 07:30:29;2015-11-05 07:56:25;1
user232745;2618653;2014-10-31 17:10:10;2017-04-20 21:03:07;1
ct12;5273792;2014-11-03 20:27:53;2014-12-27 03:00:46;27
Alex;5279887;2014-11-04 21:20:37;2016-02-24 10:13:00;11
gabria;5292163;2014-11-06 22:58:29;2015-08-14 05:37:24;21
Maady;5289553;2014-11-06 13:51:41;2017-03-31 12:31:39;1
Aquilino Novaes - Brasil;5301500;2014-11-08 22:27:42;2014-11-08 22:27:42;1
Panagiotis Giannakis;5310844;2014-11-10 23:56:54;2017-08-14 23:04:45;272
user49100;4188241;2014-11-13 16:59:05;2014-11-24 18:37:11;1
Kelvin Sookdeo;5315697;2014-11-11 20:37:18;2014-11-12 11:19:12;1
Shreyas Ravindranath;5330055;2014-11-14 06:40:11;2015-01-23 08:53:47;1
oExito;5329576;2014-11-14 03:49:41;2017-06-19 16:22:58;1
Pallab Kumar Das;5356065;2014-11-19 09:40:44;2016-04-27 12:10:00;1
Nick;5367149;2014-11-21 04:10:48;2017-07-26 00:29:22;21
Mark Eden;4367756;2014-11-21 17:37:52;2014-11-21 17:37:52;1
ANSHUPRIYA SHRIVASTAVA;5384368;2014-11-24 21:31:02;2017-01-20 10:29:34;1
"Ahmad asy&#39;ary";5399653;2014-11-27 14:23:59;2017-08-11 08:52:10;32
Muhammad Qadeer Sheikh;5399133;2014-11-27 12:40:44;2015-01-20 17:17:35;1
Argyle;5402084;2014-11-29 11:14:12;2015-06-19 03:10:52;16
Daviti kakhiani;5406414;2014-11-28 22:26:14;2017-08-12 14:09:18;21
Ric;5427978;2014-12-03 14:02:10;2016-10-10 06:51:08;21
MEMO H;5264442;2014-12-01 18:39:15;2017-02-13 07:43:39;11
rachit;5439065;2014-12-05 10:03:02;2016-10-27 12:28:47;1
lala79;5435985;2014-12-04 20:04:15;2015-03-16 17:37:15;3
Jorge Arias;5451098;2014-12-08 06:29:10;2017-08-12 01:31:33;21
김원겸;5443958;2014-12-06 08:42:30;2017-02-26 16:16:45;1
Naitik;5462684;2014-12-10 08:46:45;2017-08-11 14:31:50;9
Saber;5463388;2014-12-10 11:44:24;2014-12-12 08:44:12;1
CardsforCards C;5478361;2014-12-13 00:46:58;2014-12-13 09:35:41;1
Murni Zawati;5483588;2014-12-14 13:36:42;2014-12-14 13:36:42;1
Segev;5487308;2014-12-15 12:07:02;2016-02-29 13:15:33;1
danjay;5490738;2014-12-16 01:04:59;2015-02-11 21:17:45;1
C J R;5509272;2014-12-19 02:39:48;2015-01-16 20:59:51;1
George Tavares;5507746;2014-12-18 19:50:14;2015-09-17 19:02:02;1
Tushar;5526219;2014-12-23 09:45:08;2015-09-14 13:48:22;1
MrGood;5525385;2014-12-23 04:05:19;2017-08-15 06:30:46;200
Lucas Eager Leavitt;5539503;2014-12-26 23:09:16;2015-05-31 23:38:38;1
Sagar;5533569;2014-12-25 02:19:08;2017-02-03 19:21:52;1
Alinani Navi Chups;5551675;2014-12-30 09:57:27;2014-12-30 10:28:53;1
Garme;5547774;2014-12-29 13:55:10;2017-08-14 22:02:19;81
Gavin;5564713;2015-01-02 15:32:39;2017-06-18 23:00:20;114
kpvsrkp;5575612;2015-01-05 10:01:44;2017-08-14 12:32:57;79
Abhi Naik;5580855;2015-01-06 09:48:21;2015-02-28 18:02:19;1
BillyD;5576918;2015-01-05 15:44:08;2016-06-09 19:04:06;41
anju c;5601027;2015-01-09 17:48:22;2015-06-06 13:52:46;1
xiaotupansy;5599187;2015-01-09 10:34:35;2015-01-16 11:31:11;1
KOman l;5615596;2015-01-13 00:46:23;2016-06-14 19:54:57;67
Sohail Khan;5611945;2015-01-12 11:08:56;2015-02-05 12:39:31;1
Ripdaman Singh Bedi;5623514;2015-01-14 12:00:41;2015-11-06 14:57:12;41
jane mwangi;5627044;2015-01-14 23:50:38;2015-01-14 23:50:38;1
liuquan;5638320;2015-01-16 23:23:06;2015-01-22 18:28:30;1
Broderick Frey;5636885;2015-01-16 18:01:04;2017-07-14 19:52:50;1
Santhosh Kumar;5649778;2015-01-19 19:22:36;2015-11-26 09:01:12;1
Miguel Romero;5649868;2015-01-19 19:41:23;2017-05-24 21:32:28;1
Roby;5676674;2015-01-24 14:09:15;2016-08-01 12:58:40;39
Jitender Singh;5666819;2015-01-22 16:32:14;2017-08-14 20:47:49;1
Neil Osbaldeston;5705224;2015-01-29 23:09:26;2017-07-22 21:46:10;8
Andy z;5695963;2015-01-28 13:32:12;2015-03-23 12:49:00;1
rpanneel;5708119;2015-01-30 13:04:34;2016-12-29 15:29:02;26
Evrim Şay;5720978;2015-02-02 12:54:27;2016-04-26 17:08:23;1
Amy Dusek;5728566;2015-02-03 18:30:49;2017-01-05 01:24:37;1
Sam;5729605;2015-02-03 22:43:24;2015-12-17 20:20:53;1
sewak deshmukh;5744358;2015-02-06 09:21:05;2015-02-06 09:51:36;1
Churaliya;5757711;2015-02-09 09:00:17;2015-03-02 12:27:45;1
"Mads Wors&#248;e Duun";5756437;2015-02-09 00:54:28;2015-03-01 00:42:29;11
court;5766326;2015-02-10 18:48:34;2015-02-11 19:49:24;1
Kristie Cronic;5769417;2015-02-11 07:40:11;2017-07-27 00:21:37;1
user4565810;5786918;2015-02-14 08:06:56;2016-03-16 18:38:08;1
eVinx;5780278;2015-02-12 23:59:08;2017-07-02 15:02:06;1
leonkuehn;5795131;2015-02-16 12:11:21;2017-06-27 16:19:34;65
z.h;5806888;2015-02-18 14:02:35;2015-02-25 09:12:10;1
Lucas GCode;5813729;2015-02-19 16:24:08;2017-08-15 15:20:52;1
Ridha Danjanny;5818456;2015-02-20 11:50:29;2015-02-21 06:19:31;1
Tasos Statiou;5835746;2015-02-24 00:58:28;2015-03-02 19:05:25;1
sandhya;5828418;2015-02-22 17:33:40;2015-02-22 17:33:40;1
Prateek T;5850640;2015-02-26 11:59:36;2015-05-08 12:28:22;14
Liz ;5843624;2015-02-25 09:37:05;2015-03-04 05:21:28;1
Gabriel Carvalho;5864649;2015-03-01 03:28:27;2015-03-03 00:27:08;1
Gil;5858099;2015-02-27 16:30:40;2015-05-19 11:22:30;1
Denys  Mykhayskyy;5867302;2015-03-01 20:47:34;2015-07-27 08:51:06;26
SDMelee;5877887;2015-03-03 17:49:01;2016-09-07 15:23:41;1
nardo_bruxo;5890173;2015-03-05 17:04:11;2015-03-24 16:36:17;1
MoonStrike;5888205;2015-03-05 10:08:22;2017-08-12 13:26:39;1
tomcat;953137;2015-03-09 00:04:21;2015-05-05 19:29:17;1
كناري الحربي;5908978;2015-03-09 15:58:17;2015-03-09 15:58:17;1
umme rubaiyat ;5910488;2015-03-09 20:51:17;2017-05-16 18:09:00;1
Adauriel;5917924;2015-03-11 01:48:19;2015-11-05 18:59:07;1
Aksh;5931073;2015-03-13 05:52:13;2016-10-05 17:12:58;6
Helvin;5934292;2015-03-13 18:01:40;2017-08-15 10:41:44;1
Sumaya;5949557;2015-03-16 23:14:22;2015-05-26 16:37:56;3
Zak Venturo;5837601;2015-03-16 04:36:16;2017-07-27 19:14:30;1
Андрей Ельников;5964752;2015-03-19 11:13:18;2015-07-23 17:57:32;1
Michael Fich;5963623;2015-03-19 05:39:34;2017-08-14 20:29:53;57
"Torbj&#248;rn Skjelde";5966310;2015-03-19 16:39:29;2015-03-30 12:48:53;1
Andrew Stamp;5974887;2015-03-21 03:48:10;2015-04-07 02:21:40;1
Bhushan2393;5986764;2015-03-23 19:51:42;2016-09-30 15:47:50;1
Karpak;5994426;2015-03-25 00:59:22;2017-08-14 07:22:19;1054
The Hawk;6008376;2015-03-27 09:42:48;2015-09-21 05:43:08;1
Eugene D;6013236;2015-03-28 06:31:29;2015-03-31 04:12:00;11
Muhammad Irfan Awan;6014347;2015-03-28 14:16:29;2015-04-12 18:01:13;1
HafeYang;6066159;2015-04-01 05:38:29;2015-04-01 10:43:24;1
febry;6067275;2015-04-01 10:48:15;2017-08-15 09:26:27;1
ali_shaki;6078867;2015-04-03 09:31:58;2016-01-08 00:55:37;1
etring;6077695;2015-04-03 02:20:35;2017-03-28 14:59:28;1
King Prob;6088620;2015-04-05 17:19:03;2017-08-10 17:20:26;91
Pranita Hedaoo;6103592;2015-04-08 07:22:20;2015-06-08 09:19:00;26
Engineer of Stuff;6103089;2015-04-08 04:51:22;2015-04-13 04:44:30;14
TexasForever;6117093;2015-04-10 04:37:02;2015-04-10 05:16:36;1
wade aston;6120559;2015-04-10 18:01:52;2017-06-15 01:07:48;43
Shivankit Sethi;6139260;2015-04-14 14:52:15;2017-05-11 07:14:30;1
"Nicol&#225;s Pinz&#243;n";6134567;2015-04-13 19:18:47;2015-05-22 12:39:51;1
dkruchok;6147381;2015-04-15 19:27:45;2017-08-15 16:16:11;879
Peter;6155909;2015-04-17 02:35:57;2015-04-17 02:35:57;1
James;5742919;2015-04-17 23:47:59;2016-12-17 01:01:02;8
Ashton Sun;6157546;2015-04-17 11:05:22;2016-06-20 14:22:48;1
Elmehdi ABED;6183463;2015-04-22 10:39:26;2017-08-14 20:23:02;1
Gila Gideon;6092894;2015-04-22 13:59:40;2016-05-16 11:51:42;1
Tom4sino;6192320;2015-04-23 17:31:46;2017-07-31 15:24:44;1
taotao wang;6189624;2015-04-23 09:03:53;2015-04-30 09:35:21;1
Vamshi krishna Gandu;6208536;2015-04-27 01:38:11;2015-05-05 03:04:32;1
Altin Zejnullahu;6213974;2015-04-27 23:34:27;2015-04-28 13:53:18;1
depekur;6224415;2015-04-28 20:18:35;2017-08-14 22:12:11;1
Johnbritto Lawrance;6233801;2015-04-30 10:51:52;2016-09-22 11:02:56;1
Michael Schmitt;6237046;2015-04-30 21:45:25;2017-06-26 23:55:47;101
Alvaro Artagaveytia;6238123;2015-05-01 02:48:19;2017-05-16 17:24:14;1
Yury Melnikov;6256906;2015-05-05 09:39:39;2017-08-15 14:38:30;1
shantanu gawande;6249563;2015-05-03 23:17:41;2015-12-01 11:37:52;1
rohit;6271483;2015-05-07 18:11:32;2015-05-18 18:38:19;1
kristian;6274799;2015-05-08 09:23:59;2017-01-23 10:17:19;18
BigJoshua5;6282646;2015-05-10 00:50:27;2015-08-11 10:20:40;1
VanMacStSt;6289072;2015-05-11 15:34:19;2017-05-22 11:43:26;1
shravan kumar;6294201;2015-05-12 13:15:01;2015-05-12 19:55:12;1
fictitious hunt;6306902;2015-05-14 14:56:01;2015-07-07 13:20:55;1
desert877;6318984;2015-05-17 01:01:27;2015-05-17 21:01:42;1
Christine;6321307;2015-05-17 18:41:24;2015-05-29 23:14:32;1
VConcepteur;6325648;2015-05-18 16:08:41;2015-05-18 16:08:41;1
lizisong1988;6322988;2015-05-18 04:36:21;2015-05-18 04:36:21;1
Ade Sulistiawan;6349665;2015-05-22 16:05:56;2015-05-22 16:05:56;1
Siada;6363681;2015-05-26 01:41:05;2017-08-15 16:12:56;86
Ying Wang;6355395;2015-05-24 00:35:04;2017-08-14 03:41:11;1
hassan habib;6378257;2015-05-28 12:59:45;2015-08-27 17:00:13;18
Amzad;6379838;2015-05-28 17:46:18;2017-07-19 23:09:13;1
geet saraf;6382985;2015-05-29 07:53:02;2015-06-03 20:48:43;1
Kabam;6383975;2015-05-29 11:58:53;2016-03-02 00:42:20;8
ruchika;6407436;2015-06-03 09:06:35;2017-04-03 12:58:56;1
user4965099;6403025;2015-06-02 14:52:30;2015-06-02 14:52:30;1
Ethan Banks-Jerome;6423451;2015-06-05 22:56:41;2015-06-16 23:50:00;1
安乐死哪里卖;6417070;2015-06-04 20:58:03;2015-06-04 20:58:03;1
Vivek Upadhyay;6425471;2015-06-06 11:54:58;2016-05-25 16:04:33;1
Vikram Billa;6434357;2015-06-08 16:05:24;2015-06-23 10:32:18;11
MfJ;6443525;2015-06-10 03:29:57;2015-08-18 20:04:07;11
madslug;6442920;2015-06-10 00:08:49;2015-06-10 00:08:49;1
sham makode;6463101;2015-06-13 15:32:28;2015-07-12 12:30:33;1
qing fan;6454150;2015-06-11 19:38:32;2015-06-12 05:13:20;6
Yulian Wardana;6480798;2015-06-17 06:47:07;2015-12-15 10:08:42;1
MaxP;6479582;2015-06-16 23:44:58;2015-11-07 01:25:27;1
jeremy live;6493348;2015-06-19 06:57:23;2016-02-28 03:56:39;1
RoadEx;6512542;2015-06-23 11:22:27;2015-07-16 13:38:52;1
Shouvik Pradhan;6498550;2015-06-20 05:52:02;2015-06-20 05:52:02;1
Richard Kille;6514117;2015-06-23 16:29:28;2017-02-21 17:43:39;25
"Jo&#227;o Andr&#233; Carri&#231;o";6527153;2015-06-25 18:10:25;2017-08-07 21:27:46;1
saurabh karamchandani;6531751;2015-06-26 13:46:07;2015-06-26 14:37:42;1
Barracudaa;6534420;2015-06-26 23:27:48;2015-09-08 21:54:42;1
Nia;6552873;2015-06-30 21:23:42;2016-01-12 21:01:36;1
VoodooBettie;6547690;2015-06-30 01:00:50;2017-08-12 03:59:33;201
weeksy_j;6572133;2015-07-04 08:43:04;2015-07-04 08:43:04;1
NachoGR;6569969;2015-07-03 18:25:14;2015-10-13 18:39:07;1
Mirum89;6587423;2015-07-07 16:46:15;2016-08-24 21:00:09;1
Mashrurul Hakim;6584920;2015-07-07 08:21:33;2015-07-26 12:57:34;1
Marian;6596686;2015-07-09 02:59:12;2016-01-18 01:14:23;1
thulasi pathapati;6593327;2015-07-08 15:28:42;2015-08-31 10:04:56;1
KFrea;391750;2015-07-11 12:56:20;2015-07-11 21:44:55;1
Peaksandpeaks;6615397;2015-07-12 23:55:07;2017-08-04 22:50:09;14
ijphats;6622484;2015-07-14 08:06:59;2016-10-31 07:50:56;1
"&#214;mer Tu";6625546;2015-07-14 18:45:09;2015-12-09 10:54:40;1
Ghrehh;6644914;2015-07-18 04:47:45;2017-06-19 01:08:44;37
NIDHI KUMARI;6192573;2015-07-18 06:58:05;2015-08-06 05:36:35;1
Jarman;6646768;2015-07-18 18:08:50;2015-07-18 18:08:50;1
Andrea;6659932;2015-07-21 16:27:36;2016-06-09 17:48:47;1
ioana_calangiu;6661048;2015-07-21 19:42:38;2016-02-28 21:59:26;1
Dean Voets;6664337;2015-07-22 10:39:27;2015-12-23 17:21:40;1
error;6675395;2015-07-24 02:30:10;2015-07-24 02:30:10;1
Iliia Kuzmina;6678137;2015-07-24 14:46:02;2015-08-08 13:03:25;1
kitaro;6695113;2015-07-28 08:28:08;2015-11-17 13:17:54;1
Roy de Gouveia;6696622;2015-07-28 13:34:55;2015-07-28 14:31:24;1
Joerg Sturm;6710362;2015-07-30 16:57:20;2015-08-20 15:08:20;1
Ashish Dixit;6706465;2015-07-30 01:03:13;2015-08-01 09:58:30;1
yinhan liao;6732057;2015-08-04 07:45:52;2015-08-10 07:40:08;1
Leo;6730090;2015-08-03 21:08:36;2015-08-03 21:46:19;1
A. User;6736302;2015-08-04 21:44:54;2015-09-28 22:09:36;1
Joan Ramon Calor Benlliure;6745757;2015-08-06 12:10:51;2015-08-06 12:10:51;1
Alicia Williams;6749602;2015-08-07 01:47:44;2015-08-25 02:53:53;1
user5213493;6769803;2015-08-11 07:17:14;2015-08-11 08:52:31;1
Artfree;6768885;2015-08-11 01:40:28;2017-08-02 03:53:14;36
pifctd;6782928;2015-08-15 07:34:23;2015-08-30 13:51:00;1
LukasA;6783961;2015-08-13 14:49:36;2017-01-21 14:42:24;19
Tim2ade;6802939;2015-08-17 17:31:17;2015-09-25 21:06:07;1
wein_mack;6794687;2015-08-15 18:06:24;2017-07-31 06:33:30;1
Sean;6816261;2015-08-19 22:15:53;2016-06-22 01:34:42;26
Anurag Ojha;6812972;2015-08-19 11:51:44;2015-08-19 11:51:44;1
user5258493;6836904;2015-08-24 05:01:09;2015-08-24 05:16:13;1
Issabel Iuresi;6838886;2015-08-24 13:31:31;2015-09-15 16:15:54;1
Aditya;6850771;2015-08-26 13:22:02;2015-09-01 12:34:59;1
Geek;2080039;2015-08-26 02:00:52;2016-04-09 13:18:45;1
Niels Van Looy;6855902;2015-08-27 09:30:47;2017-07-07 20:44:14;36
muzeef shaik;6856705;2015-08-27 12:03:51;2017-03-21 16:03:53;1
Jens Jensen;6881031;2015-09-01 12:04:19;2015-12-02 17:15:27;1
Manu;6870884;2015-08-30 09:34:22;2015-10-26 15:36:32;1
Annie;6891703;2015-09-03 05:40:19;2015-10-28 07:19:49;1
Teru;6888741;2015-09-02 17:31:45;2016-09-12 21:57:32;51
Gerarld De Guia;6912878;2015-09-07 11:12:04;2017-01-25 09:41:20;1
Sandals;6912420;2015-09-07 09:35:40;2015-09-08 12:24:41;1
A. Nony Mous;6922759;2015-09-09 01:35:31;2017-08-15 03:02:47;41
Usul Muhadiv;1792598;2015-09-08 04:36:40;2017-05-14 17:24:38;11
Naoshadul Islam;6941729;2015-09-12 10:10:10;2015-09-12 10:10:10;1
Marat Zakirov;6839398;2015-09-11 12:53:42;2017-08-08 18:16:34;46
wltr;6946509;2015-09-13 15:47:07;2015-10-01 02:44:41;1
Samuel Ortiz;6954355;2015-09-15 03:00:28;2015-10-21 21:40:58;1
Amirul Zin;6961956;2015-09-16 10:24:31;2015-09-16 10:24:31;1
Hemanth Kumar;6984114;2015-09-20 13:22:57;2015-09-21 14:27:47;36
Mars;6988604;2015-09-21 12:43:13;2015-12-11 19:06:25;1
Renganathan Selvaraju;7000940;2015-09-23 12:14:58;2017-07-09 15:16:20;31
smcd;6991525;2015-09-21 22:10:17;2017-08-15 16:23:20;1701
OlleTO;7008036;2015-09-24 14:26:05;2016-09-23 15:21:30;13
MaximTomsky;6095100;2015-09-26 14:20:58;2017-08-15 12:52:57;1
hamid jahad;7025051;2015-09-28 01:57:28;2017-08-06 22:46:48;23
Cecilia Navarrete;7023892;2015-09-27 19:55:14;2015-09-27 19:55:14;1
seanjoseph88;7036993;2015-09-30 01:11:20;2016-01-22 00:47:56;1
Dan Cohen;5909534;2015-09-30 18:01:27;2017-04-22 20:36:34;1
MutantR;7062042;2015-10-04 17:10:38;2015-11-08 23:00:01;1
David BARAN;7052124;2015-10-02 12:39:40;2015-10-02 12:39:40;1
Gurpreet;7068903;2015-10-05 22:10:45;2017-05-30 15:01:57;1
Steven Gozzett;7074289;2015-10-06 19:08:34;2015-10-14 16:57:21;1
Christian ;7083050;2015-10-08 02:36:27;2015-10-13 02:52:07;1
Nutthawut Mekyim;7106615;2015-10-12 12:28:36;2015-10-26 11:09:01;1
dongxuan zhang;7105793;2015-10-12 09:31:03;2017-08-14 12:02:57;1
Ankur;7125345;2015-10-15 10:31:53;2015-10-16 15:17:30;1
backwrdsman;7127553;2015-10-15 17:07:35;2015-10-30 15:31:34;6
Phan Karrassamee;7143214;2015-10-18 19:26:05;2015-11-08 18:35:05;1
Ismail Shaik;7134837;2015-10-16 20:33:57;2015-11-05 00:44:53;1
Paolo Zaia;7152924;2015-10-20 12:12:26;2017-07-13 01:40:17;212
Yasir Elsamman;7149604;2015-10-19 21:38:33;2015-10-19 21:38:33;1
Zhiwei Wu;7167801;2015-10-22 18:03:48;2015-10-22 18:03:48;1
user5470255;7158862;2015-10-21 09:49:37;2015-12-04 04:51:31;1
farahnaz;7187668;2015-10-26 15:11:57;2015-11-14 17:20:56;1
Fortun;7187327;2015-10-26 14:03:55;2016-10-02 09:58:54;8
Roberto Guimaraes;7188969;2015-10-26 19:09:37;2015-11-10 18:54:18;1
Yan;7200160;2015-10-28 13:03:12;2016-08-19 13:50:43;1
Greg;7170075;2015-10-29 18:43:45;2015-11-19 19:01:58;6
Franco Pesce;7217053;2015-10-31 04:55:32;2015-12-21 06:09:46;1
Surag Sheth;7220369;2015-10-31 23:18:31;2017-07-31 05:52:52;1
Катерина Макиева;7228376;2015-11-02 17:16:22;2015-11-23 12:44:33;1
hor;7247362;2015-11-05 13:47:16;2015-11-05 13:47:16;1
Pravin Mourya;7242780;2015-11-04 20:03:18;2017-08-12 08:30:38;21
prabodhachandra;7255640;2015-11-06 19:52:36;2015-12-15 10:01:11;1
Saboteur;7263060;2015-11-08 13:22:38;2017-04-10 21:33:00;16
Jeremy Miranda;7266208;2015-11-09 05:29:18;2015-11-12 02:40:06;6
Dimitri Rust;7287835;2015-11-12 18:29:17;2016-02-03 00:12:53;1
rider158;7294076;2015-11-13 19:14:15;2017-08-09 19:51:05;1
SSN;7307049;2015-11-16 15:50:20;2017-07-06 14:04:57;17
Elton47;7303182;2015-11-15 21:52:53;2015-12-06 00:21:19;1
CoffeMug;7318554;2015-11-18 09:33:30;2017-08-10 21:07:02;20
Mehdi Salehi;7314744;2015-11-17 18:46:00;2015-11-18 01:49:35;1
Mike;7329046;2015-11-19 20:48:41;2017-07-30 00:14:14;1
immp;5678527;2015-11-20 14:50:02;2016-08-02 15:30:53;1
Justin Perkins;3984770;2015-11-24 08:40:18;2015-12-03 09:04:56;1
Ricardo Vieira;7342641;2015-11-22 14:39:50;2015-11-22 18:58:22;1
aseef malik;7363356;2015-11-25 23:27:27;2015-11-29 13:05:37;1
Vipin;7360111;2015-11-25 13:19:05;2015-12-04 15:34:28;1
Betax;7376959;2015-11-28 16:00:15;2017-07-10 14:23:56;5
Honey Love;7370583;2015-11-27 08:34:04;2015-11-27 08:34:04;1
LOlaki461;7391842;2015-12-01 12:52:07;2016-02-29 16:27:01;1
vinothkumar;7384752;2015-11-30 10:13:02;2015-12-17 10:29:52;1
Stefan van der Lee;7411161;2015-12-04 11:03:58;2017-08-10 17:43:43;67
Matt Aberdein;7405648;2015-12-03 14:00:52;2016-03-18 10:08:50;1
user39582;4257022;2015-12-05 06:54:39;2016-09-05 22:48:22;1
Il-seob Bae;7258401;2015-12-06 11:13:36;2017-08-12 03:36:15;580
AKuntal;7429320;2015-12-07 19:28:42;2016-03-05 18:09:12;1
Stephen Crane;7431311;2015-12-08 02:28:22;2017-04-27 19:09:13;3
Ed-1DK;7456211;2015-12-11 18:23:40;2015-12-16 19:07:22;1
Aashutosh Srivastva;7443477;2015-12-09 20:40:05;2016-02-04 11:48:04;1
Gil Perdrau;7464275;2015-12-13 14:54:38;2015-12-17 01:53:18;1
Shivam Shekhar;7463091;2015-12-13 07:12:22;2016-10-21 09:35:30;6
"Furkan T&#252;rkal";7481084;2015-12-16 12:10:49;2017-08-15 13:34:16;39
ibrahim abukharmeh;7485343;2015-12-17 01:56:20;2016-10-13 21:52:24;1
Thai;7487574;2015-12-17 12:28:40;2016-07-05 06:12:50;1
njq haoren;7501989;2015-12-20 11:20:52;2015-12-20 12:22:49;1
alex body;5517274;2015-12-21 23:50:36;2017-05-30 22:05:40;1
Sudo1234;7515253;2015-12-23 00:34:29;2015-12-23 00:34:29;1
J.Water;7526075;2015-12-25 10:37:39;2017-07-19 18:35:27;1
Craig Westerfield;7530515;2015-12-26 19:25:37;2016-01-06 20:32:03;1
Kenneth Kenny Lee;7542155;2015-12-29 12:54:22;2016-02-16 12:49:06;1
Tịnh;7543474;2015-12-29 17:42:08;2017-03-29 13:10:25;1
vbaskaran;7555332;2016-01-01 04:46:57;2017-08-14 20:58:41;1
rejeesh;7547635;2015-12-30 12:37:34;2016-01-23 11:59:58;1
eTactics;7566930;2016-01-04 06:59:24;2016-04-16 00:50:26;1
Sammy Moreau;6835493;2016-01-04 21:52:58;2016-01-04 21:52:58;1
Bri;7582992;2016-01-06 18:52:29;2016-01-06 21:32:49;1
Anondo Mohon;7587034;2016-01-07 08:42:41;2016-01-07 08:42:41;1
Sersiego;7605106;2016-01-10 01:47:22;2017-08-12 18:34:10;1
LearnMeLoud;7614850;2016-01-11 19:31:54;2016-01-11 19:31:54;1
edition;7617974;2016-01-12 06:49:10;2016-04-24 22:08:38;1
Alex Craig;5158397;2016-01-13 02:51:11;2016-11-17 11:09:17;3
Dmitry;7632935;2016-01-14 04:31:26;2017-02-10 01:14:05;1
Damis Berzovitis;7639907;2016-01-15 02:42:44;2016-05-19 22:19:04;25
Andrea;7641834;2016-01-15 11:42:30;2016-03-18 12:57:21;1
Michael Appleford;7660950;2016-01-18 19:16:32;2016-01-20 00:54:47;6
ardz fury;7664764;2016-01-19 09:36:02;2016-01-29 14:09:23;1
xlinex;5147704;2016-01-20 13:54:44;2016-01-20 20:01:49;16
Tom;7673377;2016-01-20 12:12:51;2017-05-09 11:04:12;1
king;7686462;2016-01-22 04:16:21;2016-09-27 06:17:01;11
DaemonEyes;7694629;2016-01-23 12:24:04;2016-01-25 22:05:54;1
D Friedland;7706291;2016-01-25 16:03:25;2016-01-25 16:03:25;1
Halyna;7695736;2016-01-23 17:35:20;2016-01-23 17:35:20;1
"Johannes L&#246;we";7712101;2016-01-26 12:58:24;2016-01-31 16:32:59;6
Poojalakshmi Sreedhar;7716026;2016-01-27 00:28:29;2017-05-01 16:53:52;1
Paolo59;7734111;2016-01-29 11:51:30;2016-04-28 11:16:47;6
Sai;7729966;2016-01-28 20:47:44;2016-01-28 20:47:44;1
f43l-neo;7744065;2016-01-31 03:11:30;2016-03-10 16:08:08;3
Duy Quang;7757636;2016-02-02 10:22:11;2016-06-08 20:20:50;1
s.n.ahm;7764290;2016-02-03 07:01:13;2016-02-03 07:01:13;1
Nathalie Saade;7779058;2016-02-05 04:58:28;2016-04-08 12:32:15;1
Plaz;7772800;2016-02-04 10:15:41;2017-05-16 02:48:26;1
rmbor;7789537;2016-02-06 22:34:55;2017-08-13 23:52:58;20
cherusk;7800032;2016-02-08 21:12:34;2017-08-15 16:30:06;3
Georgi Dimov;7801798;2016-02-09 03:36:39;2016-02-09 21:59:58;1
JForever;7802309;2016-02-09 06:19:47;2016-05-17 19:38:15;1
Mark Gehan;7815549;2016-02-10 23:05:04;2016-03-11 22:48:56;1
John;7824900;2016-02-12 07:24:28;2016-02-19 23:31:01;8
mitto98;7835650;2016-02-14 02:44:21;2016-09-29 15:24:35;1
Sofia KZ Williams;7831132;2016-02-13 04:41:22;2016-02-13 04:41:22;1
hari krishna;7857928;2016-02-17 10:54:58;2016-02-17 10:54:58;1
Arsalan;7854909;2016-02-16 23:29:33;2016-09-05 14:40:15;1
Hassan Ebrahimi;7870729;2016-02-19 00:20:14;2017-01-02 23:41:26;1
Jitendra Devada;7865318;2016-02-18 09:53:30;2016-02-18 09:53:30;1
Sateesh;7876101;2016-02-19 18:08:29;2016-06-23 14:52:57;1
Simko;7873888;2016-02-19 12:21:39;2016-09-12 23:10:50;20
Seco;7902193;2016-02-23 16:46:45;2016-03-09 13:43:27;1
Gurjeet Layal;7891743;2016-02-22 10:36:36;2016-07-08 15:27:33;1
Giuliano;7908510;2016-02-24 11:30:19;2016-02-26 15:32:17;1
Alessio De Rossi;7917286;2016-02-25 12:01:46;2017-08-03 18:55:40;1
ali;7919998;2016-02-25 18:26:02;2017-08-15 13:00:34;13
STUDENT_CS;7927029;2016-02-26 15:53:48;2017-08-10 10:30:10;4
Sneha L;7939878;2016-02-28 21:48:55;2016-09-20 02:26:09;1
Moo;7304661;2016-03-02 04:09:32;2017-08-13 02:19:04;1
Renan Cassimiro Brito;7962569;2016-03-02 23:20:03;2017-08-10 06:59:58;1
phoenixuprising;7965527;2016-03-03 10:25:18;2016-10-28 07:42:58;1
Aaron Gezaw;7969796;2016-03-03 21:38:45;2016-03-07 07:54:32;1
Martin Zorrilla;7983375;2016-03-06 02:40:12;2016-05-03 01:41:06;1
Jessica;7983588;2016-03-06 04:04:33;2016-12-10 07:38:59;56
LongHuan Park;8003270;2016-03-09 05:57:50;2016-03-18 08:59:52;1
Mohamed Albakri;7995714;2016-03-08 05:25:55;2016-09-22 06:44:00;1
Synsa;7663309;2016-03-11 05:39:10;2017-08-15 08:54:25;1
Adam Milling;8014586;2016-03-10 17:24:43;2017-08-08 21:56:46;1
anOkCoder;8029029;2016-03-12 21:31:14;2017-08-06 19:48:46;39
Rahul Khoiwal;8026619;2016-03-12 11:39:46;2016-03-12 16:46:55;1
Elena Cherniyenko;8047248;2016-03-15 18:01:16;2016-03-15 18:01:16;1
Pavel Brzak;8038465;2016-03-14 15:45:05;2016-08-05 16:36:08;1
rosobero ;8061791;2016-03-17 15:52:28;2016-03-17 15:52:28;1
Maggie;8054483;2016-03-16 17:02:37;2016-03-17 17:59:33;6
victor ;8076110;2016-03-19 19:36:30;2016-05-04 19:07:51;4
jmir92;8071561;2016-03-18 21:48:24;2016-05-09 23:56:45;1
shuijian xu;8084313;2016-03-21 10:51:09;2016-12-02 09:00:37;1
Jamie Laird;8089604;2016-03-22 02:06:21;2016-03-22 02:06:21;1
Devan Flaherty;8098630;2016-03-23 07:41:08;2017-08-10 01:52:04;3
Tobias Lins;8108383;2016-03-24 14:56:22;2017-08-15 13:55:27;412
Filo Lari;8116286;2016-03-25 19:00:23;2016-11-29 20:02:19;1
Eddy Lardet;8123511;2016-03-27 04:23:27;2016-03-31 06:06:59;1
Ashwini Mali;8137029;2016-03-29 12:15:40;2017-08-14 13:33:23;1
Nagendra Sharma;4408420;2016-03-29 14:49:44;2016-03-29 14:49:44;1
Liza Gross;8148868;2016-03-30 22:44:19;2016-04-17 21:27:20;1
Pramod;8144227;2016-03-30 10:30:35;2017-03-02 12:52:15;1
Avinash;8165670;2016-04-02 09:37:43;2016-07-28 11:27:35;6
just_a_beginner;8163347;2016-04-01 22:14:43;2016-04-18 01:15:18;1
Sarah;8171187;2016-04-03 13:06:39;2016-06-29 18:38:30;1
Wakeme UpNow;7320633;2016-04-05 13:47:33;2017-08-13 23:22:56;40
Ssravankumar Aditya;8187142;2016-04-05 20:02:02;2017-03-29 09:06:28;30
Wyner;8207040;2016-04-08 12:33:26;2016-06-20 04:24:39;11
Vivek Jain;8210530;2016-04-08 22:41:33;2016-05-04 19:02:23;16
Dan;8214829;2016-04-09 19:25:48;2016-04-25 23:21:02;1
Jiaji Dong;8216039;2016-04-10 00:27:09;2016-04-21 22:35:07;1
Jurian Groeneveld;8240775;2016-04-13 14:46:43;2017-08-10 16:44:47;3
abhimanyu pawar;8233708;2016-04-12 16:26:32;2017-03-12 22:07:11;6
peaky76;8249313;2016-04-14 17:02:22;2016-05-12 17:36:30;1
Anthony Curtis;8248160;2016-04-14 14:18:18;2016-07-27 21:52:36;1
Mohammed Saad Mostafa;8260036;2016-04-16 06:16:04;2016-09-02 02:56:52;1
Florian Rubin;8258707;2016-04-15 22:50:35;2017-08-11 19:09:47;3
Mike;3385903;2016-04-18 19:49:53;2016-04-26 19:17:15;13
Dubravko;8282755;2016-04-19 22:57:29;2016-07-20 14:02:50;1
Erhan Teke;8296398;2016-04-21 18:31:48;2016-10-12 20:16:03;1
Rondle Hobbs;8298935;2016-04-22 03:25:49;2016-06-04 17:50:40;1
Joe Liu;8302229;2016-04-22 14:45:52;2016-06-18 18:34:37;1
Yellow;8303804;2016-04-22 19:01:41;2016-04-22 19:01:41;1
Connie Rasmussen;8320139;2016-04-25 18:16:39;2017-01-23 15:32:17;1
djamal berkan;8327240;2016-04-26 17:27:10;2016-04-26 17:27:10;1
xint32x;8339176;2016-04-28 09:09:11;2017-06-12 12:24:54;1
Eugene M.;8332886;2016-04-27 12:53:14;2017-05-04 16:36:00;1
A. Tom;8351763;2016-04-30 02:28:52;2016-05-24 14:15:25;1
Larry Fichera;8357101;2016-05-01 07:35:57;2016-06-23 06:21:25;1
Bert  van Altena;8369616;2016-05-03 12:42:24;2017-08-15 16:17:10;19
RAS;8368887;2016-05-03 10:27:48;2016-09-11 07:22:00;1
Leslie Michelle;8387137;2016-05-05 21:34:22;2016-09-02 19:00:18;1
Oleg Serkiz;8389749;2016-05-06 09:04:09;2016-05-11 15:44:58;1
Taikamya;8402324;2016-05-08 18:34:44;2016-05-08 21:59:37;1
Raju Kumar;8391841;2016-05-06 15:44:54;2017-06-03 16:36:55;1
John Wiggles;8421192;2016-05-11 14:10:08;2016-05-12 15:02:33;36
Mitan;8411966;2016-05-10 09:00:35;2016-05-13 14:09:44;1
Pasha G.;8425114;2016-05-12 00:51:20;2017-03-28 19:37:25;1
liboneao;3678870;2016-05-12 06:31:22;2017-07-20 12:54:39;1
i386;8437458;2016-05-13 18:09:16;2017-08-08 10:44:48;1
Craig;8436506;2016-05-13 15:40:16;2016-05-13 15:40:16;1
Luna;8454649;2016-05-16 22:13:17;2016-05-22 10:54:40;34
Boris;8465755;2016-05-18 12:02:52;2016-05-18 12:02:52;1
Goonie Lovely Wendy;8472242;2016-05-19 08:59:51;2016-08-03 22:45:30;1
Nguyen Phuong;8473313;2016-05-19 12:12:27;2017-03-30 11:11:04;1
stegoma;8485991;2016-05-21 11:25:04;2016-06-07 12:49:24;31
"Jaume Bauz&#225; Sul&#233;";8492967;2016-05-22 23:32:35;2016-08-25 22:43:23;1
Yashbeer Singh;8509303;2016-05-25 10:15:29;2016-06-23 18:53:42;1
Samuel Sosu Foli;8503279;2016-05-24 13:40:01;2016-07-28 19:49:08;1
Vjekoslav Getto;8510666;2016-05-25 14:01:19;2016-06-05 20:54:15;1
Wayrex;8522574;2016-05-27 06:09:31;2016-12-02 01:12:54;1
trentj;8527221;2016-05-27 21:15:06;2016-05-31 21:03:19;1
Francis O Neill;8538606;2016-05-30 11:18:15;2016-06-01 15:17:09;1
beginner007;8467677;2016-05-31 10:32:20;2017-08-14 14:17:41;4
Prof. Code;8548813;2016-05-31 23:12:58;2017-08-09 11:37:16;1
SaravInfern;8559696;2016-06-02 13:09:59;2017-08-12 17:19:05;1868
WaterChew ;8565314;2016-06-03 08:49:46;2016-11-11 12:18:24;1
Devan MuscleBear Hariford;8578351;2016-06-05 17:15:22;2016-06-20 17:36:01;1
Lionel Yan;8582064;2016-06-06 10:58:47;2017-08-12 07:12:54;21
mahendra;8592226;2016-06-07 19:51:02;2016-06-14 07:01:03;1
Elad;8593327;2016-06-07 23:19:30;2017-08-14 13:55:03;64
Paul Harwood;8605616;2016-06-09 17:09:51;2017-08-04 17:34:31;1
urt_incss;8606965;2016-06-09 20:39:36;2016-06-09 21:41:00;1
Vekktone Official;8620045;2016-06-12 08:49:04;2017-07-25 03:10:25;22
V.Dejan;8625970;2016-06-13 13:12:43;2017-03-23 21:25:01;1
Lubomir Lubenov;8632517;2016-06-14 12:29:04;2017-07-28 14:17:44;1
prxy1;8634523;2016-06-14 17:54:08;2016-06-16 11:17:01;6
Kurt Minder;8653944;2016-06-17 13:06:35;2017-08-15 14:55:20;1
Li Jie;8650615;2016-06-16 23:08:25;2016-09-14 22:16:27;1
Vishal Dhokne;8656640;2016-06-17 21:14:04;2016-06-17 21:35:26;1
hazard ;8656186;2016-06-17 19:44:21;2016-06-17 19:44:21;1
Troy M Moore PLLC;8682536;2016-06-22 10:49:29;2016-06-22 10:49:29;1
Neha dhanotiya;8682097;2016-06-22 09:31:17;2016-07-13 16:44:01;1
panuta;521024;2016-06-23 10:08:53;2017-08-13 14:46:04;1
aabbbbcccc;8686274;2016-06-22 20:47:26;2016-09-29 20:26:46;1
Eric Malisha;8711243;2016-06-27 10:36:16;2017-07-27 14:25:33;1
JWCoder;8705948;2016-06-26 06:23:26;2016-08-29 03:57:41;1
Darron;8715953;2016-06-28 01:13:00;2016-07-01 23:05:03;1
user6527792;8726225;2016-06-29 12:57:05;2016-06-29 12:57:05;1
Cory McCluskey;8743427;2016-07-01 22:42:17;2017-03-13 22:44:13;1
Ravjit Singh;8733467;2016-06-30 12:56:20;2017-01-16 18:13:19;1
Saba noroozi;8745940;2016-07-02 13:40:44;2016-09-13 17:06:20;1
Elad Cohen;8750502;2016-07-03 16:26:54;2016-08-03 15:58:27;6
Priyaranjan Behera;8762024;2016-07-05 15:51:26;2016-07-26 16:02:28;1
year;8772569;2016-07-07 06:31:22;2016-10-09 06:17:36;1
were matrix;8778011;2016-07-07 23:39:04;2016-07-20 18:42:04;8
rbeginer;8787411;2016-07-09 16:47:45;2016-08-09 08:26:20;1
Waqar Rehmani;8795461;2016-07-11 10:55:37;2016-07-12 11:12:06;1
AllieRose;8805001;2016-07-12 17:40:36;2016-07-12 17:40:36;1
Jyothsna Thada;8813972;2016-07-13 21:46:42;2016-07-14 20:38:40;1
Nas;8809044;2016-07-13 08:24:20;2016-07-18 10:37:40;1
graychaos;8820870;2016-07-14 20:38:56;2016-07-16 08:58:01;1
Ben Yee;8832893;2016-07-16 23:12:32;2016-07-16 23:53:57;1
Darren;8847293;2016-07-19 12:23:20;2016-10-19 12:06:05;1
Foufoutos;8841707;2016-07-18 16:57:31;2017-07-21 11:01:27;6
LostHu;8854011;2016-07-20 10:13:29;2016-12-16 05:05:16;1
Sanal;8861486;2016-07-21 09:47:15;2016-08-24 12:43:01;1
xiaoyan;8866024;2016-07-21 19:50:47;2016-08-19 10:21:12;1
lucky saini;8870037;2016-07-22 10:48:26;2016-08-16 20:54:29;1
LOIS 16192;7198730;2016-07-26 09:00:28;2017-06-25 18:37:23;101
Jordan Lowe;8881837;2016-07-24 16:45:31;2016-11-09 18:55:40;28
Prawn_Star;8895839;2016-07-26 19:45:29;2017-08-01 21:32:33;1
learning python;8898758;2016-07-27 07:56:21;2016-10-11 16:55:16;15
Felipe Inostroza;8913495;2016-07-29 09:12:41;2017-06-22 05:08:31;1
zs_2014;8912570;2016-07-29 04:54:56;2017-07-20 11:12:02;1
allow;8931332;2016-08-01 17:39:39;2016-09-08 23:45:27;1
hynzi;8927453;2016-08-01 03:15:18;2017-03-03 00:42:37;1
bharathi priya T;8951861;2016-08-04 13:44:18;2016-12-01 14:36:27;11
Mansour Pourali;8941944;2016-08-03 08:25:26;2017-03-12 19:52:45;1
lagenorhynque;8958340;2016-08-05 12:47:49;2017-08-15 11:29:49;1
GNSIST-CODE;8957825;2016-08-05 11:15:54;2016-08-11 11:06:27;1
QJ.s;8973514;2016-08-08 15:19:45;2016-08-15 13:48:52;13
B. Drundridge;8973202;2016-08-08 14:18:23;2017-08-07 15:48:32;1
thiru;8989070;2016-08-10 20:57:24;2017-01-11 00:59:53;1
winux;8998402;2016-08-12 08:18:26;2016-08-31 06:05:06;1
Thomas;9013521;2016-08-15 12:22:21;2017-01-25 01:48:12;1
Allan Mason;9003651;2016-08-13 03:37:18;2016-12-28 21:03:11;1
Nicklas Andersson;9032655;2016-08-18 11:08:11;2017-07-14 16:29:45;44
Daphne Norwood;8479190;2016-08-21 07:35:33;2016-10-14 14:35:40;1
Luxuria Superbia;9038407;2016-08-19 08:41:54;2017-01-20 16:18:03;1
Muchomor;9052120;2016-08-22 05:04:29;2017-08-12 01:15:32;13
NAGESH;9054434;2016-08-22 14:08:05;2017-04-25 15:40:54;4
Manju Deva;9067459;2016-08-24 12:33:26;2016-08-26 21:40:53;1
Florin;9078941;2016-08-26 04:28:12;2017-07-04 10:24:46;1
secretbase;9089660;2016-08-28 06:47:39;2016-08-28 07:04:28;1
Samrat Mazumder;9083857;2016-08-26 21:37:07;2017-02-15 14:18:54;1
Helmar;8792242;2016-08-31 15:11:43;2017-08-15 15:17:11;101
Partha Mallick;9102996;2016-08-30 16:12:00;2016-09-15 12:16:29;1
Lepolesa;9119084;2016-09-02 00:28:01;2017-08-15 16:00:32;1
Georgiy Manuilov;9115961;2016-09-01 14:40:08;2017-08-13 18:40:36;8
Leo zhang;9140025;2016-09-06 04:25:10;2016-11-14 14:00:42;11
s.singh;9141002;2016-09-06 09:08:46;2016-12-08 09:02:43;13
Matthew Bailey;9147946;2016-09-07 10:12:50;2016-09-07 10:12:50;1
Clayton Ramstedt;9153450;2016-09-08 05:50:52;2017-08-14 08:45:31;1
Anahera;9162350;2016-09-09 14:02:18;2016-09-09 14:02:18;1
sreedhar;9171353;2016-09-11 11:48:37;2017-08-14 12:48:28;48
RMK;9184574;2016-09-13 18:42:07;2016-11-27 18:55:07;1
Darrel Dela Cruz;9185128;2016-09-13 20:23:52;2017-02-16 07:18:43;6
adam nowak;9203360;2016-09-16 16:03:56;2017-04-04 16:12:46;1
Mensah Samuel;9202466;2016-09-16 13:10:21;2016-09-16 13:10:21;1
Chris Maree;9212207;2016-09-18 12:04:35;2016-11-01 16:48:43;1
Vikrant yadav;9216304;2016-09-19 08:27:38;2017-08-08 12:51:02;1
Andres Lozano;9220311;2016-09-19 20:35:08;2017-07-20 22:23:20;1
RMaddy;9228772;2016-09-21 01:13:47;2017-04-23 06:27:53;4
moumoutchou;9235183;2016-09-21 21:08:41;2016-09-21 21:08:41;1
Michael Keely;9240977;2016-09-22 14:54:13;2017-06-23 14:49:00;1
金木件;9261803;2016-09-25 20:05:20;2016-09-25 20:05:20;1
Y. Yu;9254972;2016-09-24 13:13:02;2016-09-24 17:59:55;1
Diyen Momjang;9266367;2016-09-26 13:27:37;2017-08-15 11:10:57;31
victorkelvin;9277888;2016-09-27 22:42:38;2016-11-17 00:21:20;1
housame oueslati;9287284;2016-09-29 03:50:00;2017-08-04 02:05:45;8
Miguel Angel Ferrufino;9298727;2016-09-30 16:27:00;2016-10-03 20:22:13;1
MJakkapong Promtragool;9301864;2016-10-01 03:10:24;2016-10-01 03:10:24;1
dhddk;9308547;2016-10-02 13:30:48;2016-11-02 10:57:23;1
M4NH3X;9313863;2016-10-03 12:37:05;2016-10-03 12:37:05;1
Navneet;9325061;2016-10-04 21:33:38;2016-11-16 01:37:38;6
anki;9329433;2016-10-05 12:58:31;2017-08-02 20:21:05;1
D.Gitlan;9338888;2016-10-06 16:43:40;2017-03-30 11:18:26;1
Pontus Johansson;9338254;2016-10-06 15:14:10;2016-10-07 12:23:11;1
wege;9351574;2016-10-08 13:37:18;2016-10-08 14:31:55;1
Abdelrhman Gomaa;9359218;2016-10-09 23:05:07;2016-10-09 23:05:07;1
Kakali Saharia;9169962;2016-10-11 10:57:18;2016-11-10 13:26:56;1
user9380085;9380085;2016-10-11 11:32:45;2016-10-11 11:32:45;1
user9376865;9376865;2016-10-11 11:32:17;2016-10-11 11:32:17;1
user9390313;9390313;2016-10-11 11:34:13;2016-10-11 11:34:13;1
user9403233;9403233;2016-10-11 11:37:50;2016-10-11 11:37:50;1
user9402673;9402673;2016-10-11 11:37:45;2016-10-11 11:37:45;1
user2040766;2040766;2016-10-11 13:30:17;2016-10-11 13:30:17;1
user9407198;9407198;2016-10-11 11:38:19;2016-10-11 11:38:19;1
Maheshwari Reddy;8749949;2016-10-12 08:16:53;2017-03-10 08:13:47;19
Danyal;9433964;2016-10-14 03:07:04;2017-03-21 06:59:44;11
Paras Jain;9430324;2016-10-13 16:41:37;2016-10-13 16:41:37;1
walt.abernathy;9439034;2016-10-14 18:53:08;2016-10-14 19:17:25;1
Evan Athanasakes;8965308;2016-10-15 23:47:27;2017-05-08 16:32:35;1
user7033717;9459511;2016-10-18 02:52:32;2016-10-18 02:52:32;1
Mitch_;9461333;2016-10-18 09:58:45;2016-10-27 00:27:27;2
t.ant;9473992;2016-10-19 21:14:00;2016-11-09 02:06:25;1
Ivana;9468912;2016-10-19 08:42:48;2017-08-03 13:51:02;1
kannan murugesan;9487383;2016-10-21 16:25:47;2017-03-14 12:53:05;1
Denz M.;9486656;2016-10-21 14:17:43;2016-10-29 11:29:48;1
Sathya;9502554;2016-10-24 10:11:53;2017-08-14 16:17:03;1
happiness;9497810;2016-10-23 14:13:20;2016-10-29 12:28:06;1
Ladyfeb64;9515403;2016-10-26 00:33:30;2016-10-27 14:26:14;1
sen.wang;9518779;2016-10-26 12:43:24;2017-08-08 06:51:09;1
Lionel Synertic;9533469;2016-10-28 11:20:05;2017-05-12 19:50:21;1
Joey;9538363;2016-10-29 04:11:37;2017-07-04 19:59:54;1
孟州火车站酒店小姐;9545608;2016-10-30 17:30:17;2016-10-30 17:30:17;1
hellharry;9551843;2016-10-31 17:52:57;2016-11-01 04:29:43;1
user7101352;9560222;2016-11-01 22:17:06;2017-01-12 00:46:17;1
julio;9572309;2016-11-03 14:23:00;2016-12-27 15:59:20;1
hasan;9586497;2016-11-05 16:14:26;2016-11-05 16:14:26;1
gert_gerden;9582617;2016-11-04 21:54:40;2017-01-24 02:15:51;1
Naomi Little;9596269;2016-11-07 11:04:52;2016-11-22 12:42:41;1
shazi;9590714;2016-11-06 12:11:05;2016-11-20 09:39:08;1
Asingwa;9612618;2016-11-09 16:05:35;2017-08-02 11:23:38;1
chrismarget;2509613;2016-11-09 16:57:15;2016-11-18 20:49:31;1
Nitin Handa;9627958;2016-11-11 19:17:05;2017-08-03 16:33:00;1
Jeff Saki;5864938;2016-11-15 05:06:23;2017-01-01 23:55:06;1
Lukasj10;9633961;2016-11-12 22:04:34;2017-01-11 16:57:00;8
Jennifer Loe;9656459;2016-11-16 09:22:19;2016-11-16 09:22:19;1
Cameron Tharp;9655855;2016-11-16 07:02:35;2017-08-08 20:08:32;1
Diego Hidalgo Soto;9662476;2016-11-17 01:30:56;2017-01-18 10:01:46;1
Lothar Desmet;9674229;2016-11-18 15:47:24;2017-01-12 16:42:51;1
Shruthi;9692081;2016-11-21 17:27:16;2016-11-22 13:26:41;1
John Pers;9702681;2016-11-23 01:48:13;2016-12-24 21:17:19;1
Rob B;9720537;2016-11-25 14:10:58;2017-03-24 16:30:16;8
Himaja ;9719098;2016-11-25 09:54:08;2016-12-05 09:50:33;1
Artur Lich;9722583;2016-11-25 20:30:50;2017-02-07 14:52:05;1
Vinoth J;9736918;2016-11-28 14:24:27;2017-08-15 15:17:42;4
Sapna Madiraju;9747829;2016-11-29 21:50:00;2016-12-21 23:08:29;1
Relja Paunovic;9740022;2016-11-28 22:32:04;2017-08-11 17:05:28;11
Genius;9764105;2016-12-01 23:25:39;2017-04-14 18:22:14;1
jkldv;9765898;2016-12-02 06:28:55;2017-05-26 19:21:35;1
neethu;9770548;2016-12-02 21:09:19;2016-12-02 21:09:19;1
R.Gad;9776550;2016-12-04 00:14:43;2017-05-24 13:08:51;1
Б. Мишээл;9784493;2016-12-05 12:30:04;2017-02-07 18:46:11;1
Aakash Takale;9788964;2016-12-06 01:14:58;2017-08-07 09:44:21;20
Mr. Kevin;9800289;2016-12-07 14:00:47;2016-12-07 15:05:18;1
SwapnaD;9800894;2016-12-07 15:41:46;2016-12-07 15:56:56;1
Muhammad Yousuf Jusani;9818756;2016-12-09 22:57:06;2016-12-12 16:59:43;1
ShaFreak;9821040;2016-12-10 10:29:50;2016-12-11 15:54:37;1
sophia.moon;9840878;2016-12-13 11:51:38;2016-12-13 11:51:38;1
Daniel de Paula Ubeda Lima;9853381;2016-12-14 23:16:32;2017-04-27 00:19:01;1
np5ram;9846715;2016-12-14 04:37:51;2016-12-14 04:37:51;1
Vishal;9857489;2016-12-15 13:41:06;2017-01-02 13:42:54;1
M NOUMAN;9865449;2016-12-16 16:58:30;2016-12-19 16:25:49;1
Gaurav Kumar;9880838;2016-12-19 17:53:07;2017-08-14 06:28:31;1
Parag Tank;9105835;2016-12-19 10:53:26;2017-07-21 22:07:13;1
"L&#226;n Lưu Qu&#253;";9890333;2016-12-21 04:31:34;2017-02-13 11:33:04;1
Ալ իկ;9894150;2016-12-21 17:34:55;2016-12-29 23:35:09;1
Atul Madawi;9901102;2016-12-22 18:25:34;2017-03-02 05:16:11;1
nolimit_maks;9911742;2016-12-26 13:15:56;2017-08-10 13:07:33;1
Amit Kumar Goyal ILU;9917714;2016-12-26 13:33:04;2016-12-26 13:33:04;1
Mohamed Sah;9940968;2016-12-30 13:42:22;2017-03-20 13:20:27;1
Yogita Kasar;9941575;2016-12-30 16:05:59;2016-12-31 15:13:27;1
Avni Beka;9953623;2017-01-02 15:57:26;2017-01-17 19:36:52;1
Jonas;9953837;2017-01-02 16:36:50;2017-07-31 22:53:32;1
Harish Mogilipuri;9964097;2017-01-04 07:13:57;2017-03-02 08:32:32;1
Chris Moore;9974255;2017-01-05 16:26:05;2017-08-11 13:28:38;12
Ankit Aman;9976115;2017-01-05 20:59:38;2017-01-30 10:17:55;1
linius;9975544;2017-01-05 19:30:31;2017-01-05 19:50:21;1
Diptiranjan Das;10003462;2017-01-10 12:51:18;2017-02-27 15:09:29;1
Lavkesh Dwivedi;10002355;2017-01-10 09:35:45;2017-08-13 06:18:52;1
"J&#246;rg P.";10011575;2017-01-11 14:10:55;2017-03-24 00:40:43;1
ajjimeno;1126815;2017-01-12 02:35:56;2017-08-14 08:37:53;1
bsrao;10026147;2017-01-13 13:19:45;2017-01-13 13:19:45;1
Chaturika Himani Wijenayaka Ja;10023583;2017-01-13 03:21:54;2017-01-16 10:55:21;1
Moon;10038417;2017-01-15 20:19:48;2017-01-18 19:16:40;1
Simon Klanfurt;10044594;2017-01-16 19:21:43;2017-04-30 23:21:57;1
Lillian Camacho;10056950;2017-01-18 12:37:59;2017-01-21 08:03:24;1
Simon Rotjes;10051239;2017-01-17 17:38:40;2017-04-23 21:57:35;1
Vaibhav Adetwar;10077968;2017-01-21 09:41:26;2017-08-06 18:36:54;1
Bhavesh Savla;10072991;2017-01-20 14:26:49;2017-02-20 08:59:10;1
Kefir;10093004;2017-01-23 22:03:29;2017-08-11 18:46:20;11
Velimir Arsov;10090365;2017-01-23 15:05:43;2017-03-03 15:41:16;1
Priti Jadhav;10106509;2017-01-25 15:17:05;2017-04-05 18:50:33;1
jjanssen;10102432;2017-01-25 00:42:57;2017-08-03 17:15:22;1
Jason;10120801;2017-01-27 11:48:42;2017-05-03 13:23:16;1
Chhunly Keo Hishmih Nguyen;10108450;2017-01-25 20:10:27;2017-04-04 01:04:56;1
Ivan Kubrakov;6229183;2017-01-30 13:45:05;2017-03-19 19:33:47;1
Shaivi Verma;10131697;2017-01-29 06:18:17;2017-01-29 06:18:17;1
Tim;10143606;2017-01-31 03:11:50;2017-08-15 09:05:38;1
Anonymous;10151994;2017-02-01 05:54:06;2017-08-12 15:58:28;4
Jose Jesus Rios Lopez;10160880;2017-02-02 09:31:15;2017-04-28 21:23:46;1
Jonathan Heemstra;10158650;2017-02-02 00:31:26;2017-04-11 07:16:01;1
Semashko Oleg;10184388;2017-02-05 21:07:48;2017-02-05 21:07:48;1
"Danilo Carvalho de Fran&#231;a";10173963;2017-02-03 23:56:42;2017-02-04 00:12:59;1
Anaks;10196681;2017-02-07 14:00:06;2017-03-24 18:05:29;11
calvin_guo;10187836;2017-02-06 11:47:39;2017-05-02 09:54:23;1
Kaveh Rezahanjani;10200888;2017-02-08 00:12:46;2017-03-14 14:04:18;1
Nicolas;10203935;2017-02-08 11:08:56;2017-03-12 12:52:46;1
Zocub TechSupport;10215756;2017-02-09 19:41:57;2017-02-09 19:41:57;1
Sunil;10224598;2017-02-10 22:36:24;2017-07-14 14:18:25;1
Ken Leung;10236688;2017-02-13 04:44:00;2017-03-28 11:18:11;1
JohnMarkh;10236511;2017-02-13 03:52:10;2017-07-11 19:01:17;1
Abhimanyu kumar;10253821;2017-02-15 10:20:02;2017-08-08 16:41:35;1
Ian;10251534;2017-02-15 01:41:13;2017-05-07 08:18:02;1
CompNet Support;10260541;2017-02-16 03:41:47;2017-06-23 09:05:09;1
user131164;10262029;2017-02-16 18:39:10;2017-03-08 17:55:49;6
Murthy;10275607;2017-02-17 22:35:13;2017-04-27 03:31:05;1
bibiteix;10274028;2017-02-17 18:22:47;2017-05-19 21:42:48;1
Rafa Mena;10299771;2017-02-21 16:00:04;2017-02-27 14:20:40;1
Surbor;10287942;2017-02-20 04:23:54;2017-02-20 06:12:03;1
jea;10313599;2017-02-23 06:35:11;2017-08-14 11:39:12;1
Mrm423;10314531;2017-02-23 09:32:11;2017-03-15 12:18:56;1
Jaguarane;10321536;2017-02-24 03:57:43;2017-07-07 02:04:47;1
James Wrcsti;10317562;2017-02-23 16:53:04;2017-08-15 16:08:11;1
Matthias Walter;10338835;2017-02-26 19:43:05;2017-08-13 23:08:14;1
MrHyperion;10344498;2017-02-27 15:40:41;2017-07-18 17:55:30;1
An Le;10358728;2017-03-01 10:35:37;2017-05-14 19:55:40;1
Sudhanva Dixit;10351819;2017-02-28 13:59:13;2017-03-16 10:51:52;1
Gopal Gupta;10371919;2017-03-02 21:38:07;2017-03-15 07:27:12;1
Avishai Krepel;10367338;2017-03-02 10:58:44;2017-07-19 16:07:19;1
Glenntech;10376104;2017-03-03 11:25:02;2017-03-12 05:29:28;1
faizi pakistani;10383646;2017-03-04 13:01:55;2017-03-04 13:01:55;1
Divanshu Rohatgi;10389576;2017-03-05 14:15:51;2017-08-10 22:42:40;1
Jager Zhang;10394767;2017-03-06 10:08:12;2017-07-14 13:27:09;1
Alexei;10408002;2017-03-07 22:09:25;2017-04-11 06:47:09;1
EVDW;10412536;2017-03-08 13:05:39;2017-08-03 16:50:16;1
mahdi hematiyan;10425702;2017-03-10 00:49:20;2017-04-28 09:59:24;1
Raquel Hardaway;10417440;2017-03-09 01:34:07;2017-03-09 04:32:08;1
Hari;5469476;2017-03-10 19:44:47;2017-05-08 20:01:59;1
MIHIR PARIKH;10442163;2017-03-12 15:45:46;2017-07-29 09:14:33;1
Michael Liu;10452846;2017-03-14 03:20:35;2017-04-12 18:02:31;1
bhuvana;10455811;2017-03-14 13:11:51;2017-04-01 13:14:17;1
Jader Souza;10468600;2017-03-15 22:28:30;2017-04-27 16:31:30;1
Harpal Singh;10466544;2017-03-15 17:48:20;2017-03-15 17:48:20;1
Pawan Soni;10481861;2017-03-17 13:47:45;2017-03-22 14:25:40;1
Singularum;10476059;2017-03-16 19:23:28;2017-07-29 22:49:19;3
Zhakh;10495803;2017-03-19 20:27:38;2017-04-08 13:07:54;1
JuanL;10310276;2017-03-19 06:21:06;2017-08-04 19:22:23;1
Dennis Obel;10455029;2017-03-20 18:12:14;2017-05-18 23:48:56;1
M.Haseeb;10506628;2017-03-21 08:27:52;2017-05-05 15:06:48;1
SiomeOneS;10516693;2017-03-22 12:52:15;2017-08-14 20:57:38;1
Ivan Rimbaud;10544500;2017-03-26 14:21:42;2017-06-05 13:37:25;1
Thinley Jamtsho;10532739;2017-03-24 12:59:35;2017-08-04 11:58:01;1
user7770817;10546842;2017-03-26 23:27:53;2017-05-01 07:51:31;31
Lolo Villa;10550517;2017-03-27 12:55:34;2017-03-27 12:55:34;1
Claudia Florentina Vickery;10573834;2017-03-30 08:16:04;2017-04-15 03:49:19;1
Duke ephraim;8356221;2017-03-29 14:35:42;2017-04-12 11:55:57;1
Devadass Dass;10585591;2017-03-31 16:55:21;2017-03-31 16:55:21;1
Ashutosh Gupte;10583706;2017-03-31 11:43:02;2017-08-10 12:44:37;1
Diogo Queiroz;10588847;2017-04-01 05:19:46;2017-08-04 20:28:23;1
Jay;10600427;2017-04-03 11:40:23;2017-06-07 19:42:57;1
"Hernan David &#193;vila Perico";10613827;2017-04-05 00:15:24;2017-08-14 18:24:45;1
BHEEMARAJ UDAPUDI;10604091;2017-04-03 20:54:36;2017-07-18 23:30:04;1
Fabrice C;10619817;2017-04-05 17:26:07;2017-04-05 17:41:25;1
Light;10624608;2017-04-06 08:24:17;2017-05-27 12:19:13;1
mai danh;10641208;2017-04-08 10:29:29;2017-08-10 18:40:05;1
Due;10632904;2017-04-07 06:44:19;2017-04-10 11:02:54;1
Agustin Tena;10653528;2017-04-10 11:25:51;2017-05-24 21:35:13;1
Puja Mishra;10658139;2017-04-10 23:00:33;2017-08-03 13:02:19;12
Rajiv Ranjan;10672472;2017-04-12 17:25:43;2017-06-06 15:59:42;1
Begnnier;4871992;2017-04-11 23:39:05;2017-06-12 01:41:21;1
Soumya;10688933;2017-04-14 20:44:00;2017-08-08 09:35:27;13
Hosamsad;10690553;2017-04-15 03:30:13;2017-08-10 05:59:57;1
Jatinder singh;10691973;2017-04-15 10:55:22;2017-05-05 03:43:57;1
EmV;10704009;2017-04-17 14:36:46;2017-04-25 17:17:06;6
Brent Afonso;10710825;2017-04-18 12:10:42;2017-04-18 16:04:14;1
ChmbrsC;1892205;2017-04-18 20:42:11;2017-05-01 16:46:54;1
Tareq Aziz;10730511;2017-04-20 18:35:14;2017-04-24 19:26:28;1
Jason Louis;10730218;2017-04-20 17:57:01;2017-05-05 20:53:43;1
Ali Ibrahim;8466091;2017-04-23 13:39:33;2017-04-29 00:12:30;1
Linh Hoang;10746718;2017-04-23 04:53:11;2017-07-07 06:38:19;1
SUNRAY;10754688;2017-04-24 13:01:22;2017-04-24 13:01:22;1
CediePerez;10762483;2017-04-25 12:33:39;2017-08-15 14:28:09;1
ntl88;10766419;2017-04-25 21:36:00;2017-08-11 02:48:02;1
yihua;10766701;2017-04-25 22:14:51;2017-05-25 19:34:02;76
keep_smiling;10781313;2017-04-27 17:00:36;2017-08-14 19:03:41;11
user7930662;10285088;2017-04-27 13:21:37;2017-08-10 14:34:15;1
Roy;10798989;2017-04-30 15:33:58;2017-06-20 14:36:04;1
Tarun Jain;10807959;2017-05-02 03:22:08;2017-06-16 06:59:09;1
Manzar Gulzar;10808785;2017-05-02 07:04:46;2017-06-20 12:56:21;8
Stark5643;10809740;2017-05-02 11:22:49;2017-05-02 12:49:10;1
Jerry Zhang;10833015;2017-05-05 07:43:39;2017-08-15 04:05:54;11
Amogh Vaidya;10830691;2017-05-04 22:16:20;2017-05-04 22:16:20;1
zhaolw;10851837;2017-05-08 10:53:13;2017-07-26 11:22:13;1
Super Radu;10844402;2017-05-07 00:58:31;2017-08-13 19:58:24;1
Syed Moizuddin;10863260;2017-05-09 19:49:18;2017-05-09 19:49:18;1
derekjones562;10864564;2017-05-09 23:37:21;2017-08-10 21:39:26;1
XIAOYUNDUO;10874751;2017-05-11 08:50:50;2017-06-17 11:21:16;1
Felipe Coimbra;10880217;2017-05-11 22:27:17;2017-07-20 05:13:44;1
Kailas mokhare;10882625;2017-05-12 08:45:17;2017-08-13 18:14:40;1
icurryx3;10894123;2017-05-14 04:21:40;2017-05-26 21:50:13;1
Meet Rajput;10900375;2017-05-15 10:14:45;2017-05-15 10:14:45;1
Rajiv;10903649;2017-05-15 18:41:13;2017-05-26 18:42:48;1
Aljubory I;10921930;2017-05-18 00:46:32;2017-05-30 21:04:52;1
Donnie Donovan;10921127;2017-05-17 22:05:10;2017-08-02 17:34:37;1
jrkb;8308461;2017-05-19 18:05:17;2017-08-05 22:46:34;1
Fathima Nusha;10934924;2017-05-19 16:30:22;2017-05-19 17:19:29;1
ja.buchs;10949588;2017-05-22 09:01:06;2017-07-04 16:18:05;1
Dirk Buslei;10950842;2017-05-22 12:26:03;2017-08-15 15:11:21;1
"Ama&#235;l Sikel";10960326;2017-05-23 16:24:54;2017-07-13 11:30:56;1
Jagtar Singh;10965791;2017-05-24 09:17:47;2017-07-23 08:01:43;1
Robin;10975840;2017-05-25 13:40:07;2017-08-01 06:05:20;1
jong;10982385;2017-05-26 10:27:47;2017-07-14 05:31:14;1
zhaonan420;10987200;2017-05-27 01:13:44;2017-08-08 11:38:03;1
agharium;10986888;2017-05-26 23:45:14;2017-05-27 08:06:10;1
Camilo Garcia;11001775;2017-05-29 18:00:14;2017-05-29 18:00:14;1
s.surya kala;10999501;2017-05-29 11:56:12;2017-08-06 09:57:38;1
 a1d3s;11021794;2017-06-01 08:47:53;2017-08-04 09:35:25;1
Rafael Machado;11019104;2017-05-31 22:12:54;2017-05-31 22:12:54;1
Andrein;11028694;2017-06-02 04:46:43;2017-06-13 05:33:20;1
Richard Lieu;11027977;2017-06-02 01:16:21;2017-06-27 19:18:25;1
Clark Adrian Distor De Asis;11046653;2017-06-05 06:52:16;2017-06-05 10:24:46;1
مصطفى عبدالمؤمن;11044954;2017-06-04 22:43:25;2017-06-04 22:43:25;1
Sreeni;11067068;2017-06-07 18:24:21;2017-06-28 21:22:25;1
Idkingz;11060194;2017-06-06 22:42:14;2017-06-08 02:46:43;6
RealCoders;11082667;2017-06-09 16:33:24;2017-06-23 14:39:03;1
danstein;11076149;2017-06-08 20:12:08;2017-08-15 00:16:03;1
Hardik Masalawala;11101131;2017-06-12 18:20:56;2017-07-11 09:50:59;1
user37417;11087425;2017-06-10 11:16:30;2017-06-10 15:18:36;1
Linus Meister;11115441;2017-06-14 13:37:26;2017-07-04 22:30:55;1
manish;11112896;2017-06-14 06:56:31;2017-07-12 12:24:55;1
SivaG;11116341;2017-06-14 15:48:45;2017-06-15 14:51:10;1
Florian Meyer;11117698;2017-06-14 18:45:00;2017-08-15 07:47:14;6
PavZi;11130915;2017-06-16 12:40:32;2017-08-15 14:58:35;1
johnrey;11143131;2017-06-18 15:36:28;2017-08-08 21:38:19;1
shefter;11148857;2017-06-19 14:21:24;2017-08-04 14:19:02;1
CVale1985;11150662;2017-06-19 18:44:05;2017-06-28 17:38:10;1
Servet Kiziltas;11168438;2017-06-21 22:47:43;2017-07-31 16:22:42;1
SeanMcGee;11167190;2017-06-21 19:28:19;2017-08-09 10:27:41;26
Nikhil Swami;11175501;2017-06-22 20:13:47;2017-07-26 21:25:07;6
kausar qazi;11187008;2017-06-24 14:41:04;2017-07-01 16:09:03;1
J. Keur;11199231;2017-06-26 20:42:28;2017-08-14 23:50:43;1
James;11191843;2017-06-25 16:03:11;2017-08-03 10:53:50;1
huipengzj;11208598;2017-06-28 04:11:18;2017-07-17 08:08:23;1
Eduardo;11214858;2017-06-28 21:16:58;2017-08-07 22:02:07;1
Alex;11226732;2017-06-30 11:16:49;2017-08-15 16:33:51;1
marcelo fernandez;11232213;2017-07-01 06:10:12;2017-08-13 04:24:51;1
Even Oldridge;11247708;2017-07-03 20:53:08;2017-07-26 05:29:34;1
Vasudev Arora;11245219;2017-07-03 14:35:59;2017-07-03 14:35:59;1
Bryce;11256086;2017-07-04 23:28:30;2017-08-15 03:13:54;1
Muhammad Hafid;10923778;2017-07-05 10:40:19;2017-07-12 16:54:24;1
HideOnCode;11273812;2017-07-07 06:34:00;2017-07-07 06:34:00;1
Anuj Juthani;11271871;2017-07-06 22:29:58;2017-07-23 19:23:44;1
Maibi;11290356;2017-07-09 18:22:04;2017-08-15 11:24:48;21
Toli M Marku;11290343;2017-07-09 18:18:00;2017-07-09 18:18:00;1
Kamlesh Kumar Yadav;11298833;2017-07-10 21:30:34;2017-07-23 13:20:01;1
NOLIMIT;11302625;2017-07-11 11:07:02;2017-07-15 18:18:38;1
Rodrigo Galvan;11308155;2017-07-12 14:25:54;2017-07-17 16:54:00;1
48731456;11312885;2017-07-12 14:47:00;2017-08-07 15:07:54;19
B.Kaufman;11331638;2017-07-14 19:20:54;2017-08-15 01:41:15;3
techsach;11327258;2017-07-14 08:12:37;2017-08-13 10:52:58;3
Abhey Bhatia;11346614;2017-07-17 13:04:31;2017-08-14 13:53:15;1
Abu Surya;11334867;2017-07-15 09:46:35;2017-07-21 14:41:46;1
Jay Bengco;11353249;2017-07-18 10:01:28;2017-08-15 04:51:21;1
apengwin;11351454;2017-07-18 03:16:54;2017-08-15 12:04:23;3
K. Chris;11368733;2017-07-20 03:46:31;2017-07-29 07:13:40;1
FatCat;11365020;2017-07-19 16:51:43;2017-08-15 10:38:31;1
Siddhant Patil;11377427;2017-07-21 02:26:18;2017-08-12 04:42:37;1
halfBloodPrince;11382576;2017-07-21 17:33:35;2017-07-21 17:33:35;1
Arvin.Huo;11397470;2017-07-24 06:33:11;2017-08-15 12:18:04;1
Chris Pavlovich;11391212;2017-07-22 23:34:56;2017-08-09 22:39:39;1
hanfsu;11413806;2017-07-26 05:49:29;2017-08-05 08:43:18;1
D. Lorenzi;11407078;2017-07-25 11:16:38;2017-07-27 18:18:01;1
user8377434;11427664;2017-07-27 19:10:06;2017-07-27 19:25:09;1
Seppe;11426118;2017-07-27 15:34:15;2017-08-14 17:52:19;1
Chien Kai Peng;11443706;2017-07-30 08:49:39;2017-08-14 11:15:52;1
Shuo Yan;11443952;2017-07-30 09:58:28;2017-08-15 12:48:26;1
Zvonimir Fudurić;11458952;2017-08-01 13:47:22;2017-08-14 23:43:13;1
Jorge Censi;10995279;2017-07-31 02:29:16;2017-08-14 20:21:57;1
user8406815;11469585;2017-08-02 19:17:30;2017-08-02 19:17:30;1
webcoop;11471143;2017-08-03 00:00:36;2017-08-05 12:23:58;1
"L&#234; Văn Phong";11479221;2017-08-03 22:53:24;2017-08-03 22:53:24;1
Anant Pradhan;11477446;2017-08-03 18:10:03;2017-08-07 03:36:42;1
Moez ;11501145;2017-08-07 16:00:59;2017-08-07 18:25:04;1
George Ivanov;8114897;2017-08-05 12:44:21;2017-08-08 21:34:19;1
Siddhesh Gore;11506537;2017-08-08 10:03:11;2017-08-14 10:23:55;1
邓慧芳;11508235;2017-08-08 14:21:39;2017-08-14 10:50:31;1
user8446889;11526614;2017-08-10 20:16:32;2017-08-10 20:38:29;1
Jonny Small;8519574;2017-08-10 19:03:07;2017-08-14 21:40:24;3
Aleks Vidmantas;7702994;2017-08-13 03:08:49;2017-08-15 04:26:01;1
Asha;11537155;2017-08-12 11:07:16;2017-08-14 15:50:48;1
Miles Rufat-Latre;9010476;2017-08-14 16:50:45;2017-08-15 04:15:05;1
