account_id;reputation;creation_date;presence;creation_date_int;presence_factor;activity;activity_factor;frequency_factor;regularity_factor;trust
9;163764.0;2008-08-01 08:18:04;285079316.0;1217578684;0.9995417972721854;193;0.005204541164414961;0.05849319492544314;0.041830857835707794;0.35468831466166634
55;107967.0;2008-08-01 18:49:18;285041442.0;1217616558;0.9994090038918692;278;0.007496696599519995;0.084265641625543;0.04395271294331616;0.3600429606205892
75;104002.0;2008-08-01 21:55:22;285030278.0;1217627722;0.9993698608043196;301;0.008116926893724888;0.09124083301774698;0.05579138872043663;0.3643071713412714
1;41516.0;2008-07-31 18:22:31;285129449.0;1217528551;0.999717573016374;3378;0.09109295364452714;1.0;0.2966666666666667;0.5968457627499231
5;37002.0;2008-07-31 18:22:31;285129449.0;1217528551;0.999717573016374;993;0.02677776878893293;0.3008991189822697;0.13303030303030305;0.42334106212397865
61;5618.0;2008-08-01 19:54:25;285037535.0;1217620465;0.9993953052137022;446;0.012027074400668771;0.13519061621130002;0.07244619581691422;0.3767818553275132
82;5293.0;2008-08-02 00:41:59;285020281.0;1217637719;0.9993348094386592;726;0.019577704069250062;0.22007697059284;0.10824742268041238;0.40174737993244203
71;4475.0;2008-08-01 20:45:58;285034442.0;1217623558;0.9993844605729112;1578;0.0425531914893617;0.4783253526954472;0.19945438011518646;0.4733509385413487
123;2058.0;2008-08-02 20:20:32;284949568.0;1217708432;0.9990868763367344;711;0.01917320605129035;0.21558341158811653;0.08944815039417829;0.396114866488298
133;1919.0;2008-08-03 00:09:15;284935845.0;1217722155;0.9990387609130116;2516;0.06784780087910902;0.7629169997899;0.3469821049438884;0.5638732300584033
293;22352.0;2008-08-05 09:33:41;284729179.0;1217928821;0.9983141509764736;77;0.002076423158859855;0.023365360808349046;0.015781487101669194;0.34113008802534833
488;1155.0;2008-08-07 16:10:44;284532556.0;1218125444;0.9976247536902632;124;0.003343850281800286;0.03765333623193544;0.021864561190403888;0.34511924347012796
914;118088.0;2008-08-13 16:45:22;284012078.0;1218645922;0.9957998597524632;1360;0.03667448696168056;0.4137288837413457;0.1831457255856404;0.4558431536778756
1336;23357.0;2008-08-18 18:48:51;283572669.0;1219085331;0.9942592090038921;721;0.019442871396596825;0.2196770239518393;0.11425959780621572;0.4014581909606404
1296;22581.0;2008-08-18 14:58:44;283586476.0;1219071524;0.9943076189474422;33;0.0008898956395113664;0.010054076062498831;0.007921998781230956;0.3353145259314161
1649;1894.0;2008-08-21 05:28:06;283361514.0;1219296486;0.9935188597875252;75;0.00202249008979856;0.02286831372590704;0.017078377554132357;0.3397595557944756
1647;1834.0;2008-08-21 04:28:05;283365115.0;1219292885;0.9935314855720346;76;0.0020494566243292075;0.02317293009056532;0.014943580359865812;0.33928757611848787
2695;4525.0;2008-08-30 22:53:35;282521185.0;1220136815;0.9905725079765788;1009;0.02720923334142329;0.3085701343069193;0.11410217191801775;0.4169470430248731
3282;115444.0;2008-09-05 15:21:05;282029935.0;1220628065;0.9888500929139932;368;0.009923684707278271;0.11273696886112462;0.04993872549019608;0.3633717949975538
3306;39159.0;2008-09-05 18:10:42;282019758.0;1220638242;0.9888144104344168;471;0.012701237763934956;0.14429627302921094;0.07107843137254903;0.3745990996004618
3610;1055.0;2008-09-08 18:34:27;281759133.0;1220898867;0.9879006100767856;228;0.006148369872987622;0.06991503625900211;0.04017172646427476;0.3525327334864112
3985;367.0;2008-09-11 18:27:19;281500361.0;1221157639;0.9869933066863014;90;0.002426988107758272;0.02762341040123924;0.01810926949048496;0.3387357350285345
4509;833.0;2008-09-15 16:40:00;281161200.0;1221496800;0.9858041443147156;2899;0.07817598360434701;0.8908540723257691;0.3570989551321451;0.585895794843323
4670;24644.0;2008-09-15 17:14:04;281159156.0;1221498844;0.9857969776655796;291;0.007847261548418413;0.08942408405863901;0.04517516902274124;0.3567586142077563
13797;181.0;2008-10-14 19:55:37;278643863.0;1224014137;0.9769778864696188;113;0.003047218401963164;0.035038273927461304;0.017364341085271316;0.3366018976829251
560754;231.0;2009-02-05 00:28:24;268864296.0;1233793704;0.942688881876512;4;0.00010786613812258985;0.0012854068209934427;0.0012857602057216328;0.3147922683482973
43222;58.0;2009-06-20 22:02:03;257122677.0;1245535323;0.9015205532765332;728;0.01963163713831136;0.24462719793478194;0.0988235294117647;0.3708918423854938
54210;459.0;2009-08-24 20:42:51;251511429.0;1251146571;0.8818464605027874;18;0.00048539762155165437;0.006183416818008696;0.0024046719340432843;0.29570190702616267
73740;320.0;2009-11-16 19:23:25;244258595.0;1258399405;0.8564166579011956;21;0.0005662972251435968;0.007428193059081503;0.004244782454899187;0.2879130213969228
880968;46.0;2009-12-17 19:23:03;241580217.0;1261077783;0.8470257599663406;7;0.00018876574171453227;0.0025035162543959465;0.001072961373390558;0.28307460447662247
597278;11.0;2010-03-07 16:54:40;234677120.0;1267980880;0.8228222011850916;6;0.0001617992071838848;0.00220899250851553;0.0022091310751104565;0.2752349650503567
105990;1.0;2010-02-27 09:13:17;235396003.0;1267261997;0.8253427404368711;4;0.00010786613812258985;0.0014681642661536608;0.0007342143906020558;0.27556946098883045
600199;38.0;2010-03-29 07:09:07;232811453.0;1269846547;0.8162808211493285;12;0.0003235984143677696;0.0044533891552148;0.0007423904974016332;0.2731023358035876
602580;9.0;2010-04-07 04:42:44;232042636.0;1270615364;0.8135852038848568;3;8.08996035919424e-05;0.0011170360950390169;0.0011173184357541898;0.27168079515396193
123589;381.0;2010-04-16 05:47:39;231261141.0;1271396859;0.8108451351635637;18;0.00048539762155165437;0.006724865203359002;0.001868460388639761;0.2719909870909623
622683;16.0;2010-06-05 20:40:13;226887587.0;1275770413;0.7955106307632972;4;0.00010786613812258985;0.0015232212769753686;0.0011424219345011425;0.26573665248541756
161074;37.0;2010-07-02 02:22:43;224620637.0;1278037363;0.7875622769187616;11;0.00029663187983712216;0.004231133936282088;0.0011542901115813775;0.2635886784601555
175587;98.0;2010-07-29 17:13:09;222234411.0;1280423589;0.7791957189439359;49;0.0013213601920017259;0.019050155108517368;0.0058320373250388795;0.264695281545325
176414;1.0;2010-07-31 00:16:41;222122599.0;1280535401;0.7788036850040321;11;0.00029663187983712216;0.0042787181686092185;0.0015564202334630351;0.26077761105777064
640006;1.0;2010-08-11 06:14:37;221150723.0;1281507277;0.7753961046246626;30;0.000808996035919424;0.011720513344195578;0.005861664712778429;0.2620864522860946
642627;3.0;2010-08-19 00:18:33;220480887.0;1282177113;0.7730475333964447;19;0.0005123641560823019;0.0074455433409064626;0.002352018816150529;0.2596395307653575
645125;6.0;2010-08-27 01:05:43;219786857.0;1282871143;0.7706141334455313;9;0.00024269881077582719;0.003537973155510386;0.0027526543452615023;0.25820987829677144
195582;137.0;2010-09-03 06:05:23;219164077.0;1283493923;0.7684305494197258;100;0.0026966534530647466;0.03942251904722506;0.014589905362776025;0.2670355760184063
205551;1.0;2010-09-21 23:52:09;217544871.0;1285113129;0.7627533080887767;8;0.0002157322762451797;0.003177275551580345;0.0027810885975367503;0.2555298538399678
655658;21.0;2010-10-03 07:17:06;216567774.0;1286090226;0.7593274218996529;4;0.00010786613812258985;0.00159580529280409;0.0003990422984836393;0.2535018352911699
210862;9264.0;2010-09-30 14:06:34;216802406.0;1285855594;0.7601500859016164;2;5.3933069061294925e-05;0.0007970391251100784;0.0003985651654045437;0.2536293263800069
660165;1.0;2010-10-12 07:25:58;215789642.0;1286868358;0.7565991444900249;3;8.08996035919424e-05;0.001201169794794877;0.0008009611533840609;0.25262037498505147
669051;21.0;2010-11-03 02:28:51;213906669.0;1288751331;0.7499970863574208;4;0.00010786613812258985;0.001615657901717875;0.0008080808080808081;0.2504972918393108
234123;2035.0;2010-11-07 23:28:56;213485464.0;1289172536;0.748520262262894;4;0.00010786613812258985;0.001618845580980633;0.0008097165991902834;0.25000595736878967
260625;6.0;2010-12-16 07:57:20;210171760.0;1292486240;0.736901791662284;7;0.00018876574171453227;0.002877646359339618;0.00041118421052631577;0.2462635257687115
268083;616.0;2010-12-29 04:49:36;209059824.0;1293598176;0.7330031345324498;231;0.006229269476579565;0.09546741032365932;0.054981397271599834;0.2755482799184713
271838;1064.0;2011-01-04 16:12:14;208500466.0;1294157534;0.7310419199887802;15;0.000404498017959712;0.006215813445711915;0.004973062577704103;0.2460609990527947
274280;1.0;2011-01-07 06:56:08;208274632.0;1294383368;0.7302501034325585;2;5.3933069061294925e-05;0.0008296737741925286;0.0;0.2435684633738169
699532;6.0;2011-01-25 09:42:52;206709428.0;1295948572;0.7247622032888047;1;2.6966534530647462e-05;0.0004179780324291741;0.0004180602006688963;0.24176832078547297
300819;51.0;2011-02-08 16:31:22;205475318.0;1297182682;0.7204351810946321;6;0.0001617992071838848;0.0025229307590121357;0.001261564339781329;0.24092138971145402
710362;81.0;2011-02-11 11:18:51;205234869.0;1297423131;0.7195921215946145;20;0.0005393306906129493;0.00841962191132346;0.0046315789473684215;0.24256003825958744
714367;1.0;2011-02-27 18:30:37;203826563.0;1298831437;0.7146543354019845;2;5.3933069061294925e-05;0.0008477795899448101;0.0008478168715557441;0.23858484588413992
337843;1.0;2011-03-18 19:29:34;202181426.0;1300476574;0.7088861750990498;14;0.0003775314834290645;0.0059827454179693035;0.0008547008547008548;0.237600574020544
352211;813.0;2011-04-02 22:23:16;200875004.0;1301782996;0.7043056134076645;1;2.6966534530647462e-05;0.0004301182241669053;0.0;0.23484696580688197
740403;13.0;2011-04-20 17:07:35;199338745.0;1303319255;0.6989191998878019;2;5.3933069061294925e-05;0.0008668660977071968;0.00043346337234503684;0.2332393934225701
744820;11.0;2011-04-22 21:00:22;199151978.0;1303506022;0.6982643595946846;86;0.002319121969635682;0.03731019934936323;0.021701388888888888;0.24497828080441988
745262;3.0;2011-04-29 21:50:36;198544164.0;1304113836;0.6961332491848112;397;0.010705714208667044;0.17276156251059588;0.06660861993905094;0.28016659368363256
385382;23.0;2011-05-07 01:31:54;197926086.0;1304731914;0.6939661512569686;42;0.0011325944502871936;0.018334116908672662;0.006113537117903929;0.23618926946248278
756662;6.0;2011-05-24 18:45:44;196395256.0;1306262744;0.6885987728340521;13;0.00035056494889841713;0.0057190790799957;0.002199736031676199;0.231123679369827
759813;11.0;2011-05-31 14:43:22;195804998.0;1306853002;0.6865292170681252;5;0.00013483267265323732;0.0022062766753277677;0.001323918799646955;0.22957547300333808
763530;18.0;2011-06-08 00:36:16;195164624.0;1307493376;0.6842839451632131;116;0.003128118005555106;0.05135356907714997;0.028786536758193086;0.24463224025819977
413589;37.0;2011-06-07 15:09:02;195198658.0;1307459342;0.6844032747799866;8;0.0002157322762451797;0.0035410079509870396;0.0013280212483399733;0.22911053129963968
418830;3.0;2011-06-13 12:38:58;194689262.0;1307968738;0.6826172364222853;7;0.00018876574171453227;0.0031064887389629127;0.001775410563692854;0.2285478710069408
417957;51.0;2011-06-11 23:44:06;194822154.0;1307835846;0.683083180814137;78;0.0021033896933905023;0.034591548556638985;0.024401064773735586;0.24008576531426704
426341;1.0;2011-05-13 17:43:29;197349391.0;1305308609;0.6919441499246171;3;8.08996035919424e-05;0.001313406637266998;0.0004378283712784589;0.23099663307480112
443834;46.0;2011-07-08 15:48:08;192517912.0;1310140088;0.675004074190947;3;8.08996035919424e-05;0.0013463682278041743;0.00044883303411131066;0.22535818592770884
447104;1.0;2011-07-12 14:59:37;192175223.0;1310482777;0.6738025419866064;62;0.001671925140900143;0.02787456112383436;0.003147482014388489;0.23045145930499666
786491;16.0;2011-07-23 23:34:37;191193923.0;1311464077;0.6703619192875425;11;0.00029663187983712216;0.004970869288559972;0.00135623869801085;0.22469566895506948
464382;91.0;2011-07-28 19:47:01;190775579.0;1311882421;0.6688951263980927;5;0.00013483267265323732;0.0022644407752000586;0.001358695652173913;0.22371583100977102
468704;50.0;2011-08-02 18:45:17;190347283.0;1312310717;0.6673934399214614;1;2.6966534530647462e-05;0.00045390718815776316;0.0;0.2225468728054794
809209;11.0;2011-08-15 13:50:23;189241777.0;1313416223;0.6635173275831843;1;2.6966534530647462e-05;0.00045655880730817694;0.0;0.2212552772959121
479037;2087.0;2011-08-12 13:00:12;189503988.0;1313154012;0.6644366887556538;2;5.3933069061294925e-05;0.00091185416108499;0.0004559963520291838;0.22175835430067137
541296;560.0;2011-08-24 18:05:14;188448886.0;1314209114;0.6607373023386277;21;0.0005662972251435968;0.009628074957153105;0.0041265474552957355;0.2230236577758446
874818;2222.0;2011-09-02 09:34:23;187701937.0;1314956063;0.6581183584025806;673;0.018148477739125743;0.3097847626367329;0.11141804788213627;0.30339521131229785
936965;606.0;2011-09-26 23:33:16;185578004.0;1317079996;0.650671449107675;580;0.01564059002777553;0.2700320022840638;0.09781089892873776;0.2902586889890306
943631;239.0;2011-09-29 18:07:15;185338365.0;1317319635;0.6498312296202798;153;0.004125879783189062;0.07132468229122449;0.028904428904428906;0.2367554340938685
963087;519.0;2011-10-10 06:29:44;184429816.0;1318228184;0.646645685635146;2;5.3933069061294925e-05;0.0009369417795222438;0.0004686035613870666;0.21583535299924783
968577;5936.0;2011-10-12 17:46:41;184216399.0;1318441601;0.6458974054205673;287;0.007739395410295824;0.13460690869329175;0.05300187617260788;0.2529189378181303
990027;538.0;2011-10-21 21:43:42;183424578.0;1319233422;0.6431211317976228;2;5.3933069061294925e-05;0.0009420765847420947;0.000471253534401508;0.21466202001419699
959533;1.0;2011-10-28 18:50:03;182830197.0;1319827803;0.6410371200168297;20;0.0005393306906129493;0.009451392758713704;0.005671077504725897;0.2168068741808969
1002350;339.0;2011-10-27 20:40:34;182909966.0;1319748034;0.6413168051611093;11;0.00029663187983712216;0.0051959989976708;0.0;0.21471242618994085
1023649;1226.0;2011-11-07 12:30:19;181988981.0;1320669019;0.6380876582167526;18;0.00048539762155165437;0.00854557232781033;0.0014245014245014244;0.2145976228883992
1062034;23.0;2011-11-24 11:32:39;180523641.0;1322134359;0.63294990007363;22;0.0005932637596742442;0.010529368837624984;0.0009573958831977024;0.21312585974153214
1066522;1.0;2011-11-26 17:52:26;180328054.0;1322329946;0.6322641351986256;153;0.004125879783189062;0.07330639746159519;0.026832774317201723;0.23071210816823876
1088004;310.0;2011-12-06 14:15:03;179477097.0;1323180903;0.6292805196171243;10;0.00026966534530647464;0.0048139847058034394;0.002888781896966779;0.21135211580057697
1097970;85.0;2011-12-10 15:36:25;179126615.0;1323531385;0.6280516636864065;8;0.0002157322762451797;0.0038587230602219547;0.0014471780028943561;0.21040940264195737
1166503;6.0;2012-01-12 08:00:59;176302741.0;1326355259;0.6181506293608219;88;0.002373055038696977;0.04312581844657764;0.021078431372549018;0.21910071779751508
1170315;51.0;2012-01-13 16:07:27;176187153.0;1326470847;0.6177453560534343;94;0.002534854245880861;0.04609643700866203;0.030407062285434036;0.2218333373187505
1179572;160.0;2012-01-18 00:33:56;175811164.0;1326846836;0.6164270677746222;3;8.08996035919424e-05;0.0014743091058768032;0.0009832841691248774;0.20598745338569938
1196575;41.0;2012-01-25 03:13:27;175196793.0;1327461207;0.6142729672872621;2;5.3933069061294925e-05;0.000986319424237406;0.000986679822397632;0.20518219555599165
1204287;1.0;2012-01-28 00:21:02;174947938.0;1327710062;0.6134004347673644;2;5.3933069061294925e-05;0.000987722416025275;0.0009881422924901183;0.2048919508321802
1207304;513.0;2012-01-29 19:51:41;174791299.0;1327866701;0.6128512289190421;9;0.00024269881077582719;0.0044487340299473365;0.002471576866040534;0.205703767563876
1220501;21.0;2012-02-03 14:06:18;174380022.0;1328277978;0.6114092142631745;2;5.3933069061294925e-05;0.0009909392028864406;0.0009910802775024775;0.20422948129151353
1218468;1.0;2012-02-02 20:18:50;174444070.0;1328213930;0.6116337786192629;1;2.6966534530647462e-05;0.0004952876873372652;0.0004952947003467064;0.20409103946302984
1245835;19.0;2012-02-13 21:04:39;173490921.0;1329167079;0.6082918586304829;45;0.001213494053879136;0.022410394605029502;0.007972097658196313;0.2087954165723514
1261439;36.0;2012-02-19 22:42:30;172966650.0;1329691350;0.6064536657199958;124;0.003343850281800286;0.061940264207001765;0.029485257371314338;0.22068187618777754
1271772;157.0;2012-02-23 12:49:39;172656621.0;1330001379;0.6053666456295361;101;0.002723619987595394;0.050541936645453055;0.028028028028028028;0.2179004499879934
239859;346.0;2012-02-20 19:23:27;172892193.0;1329765807;0.6061926054486169;6;0.0001617992071838848;0.00299840028057253;0.0004997501249375311;0.2027293225293314
1290582;6.0;2012-03-01 17:38:54;172034466.0;1330623534;0.6031852529714947;1;2.6966534530647462e-05;0.0005022249436923878;0.0005022601707684581;0.2012777618241051
1308284;719.0;2012-03-08 14:51:39;171439701.0;1331218299;0.6010998948143473;3;8.08996035919424e-05;0.001511901843552562;0.0010080645161290322;0.20089085627530476
1324008;126.0;2012-03-14 18:24:40;170908520.0;1331749480;0.5992374741418603;6;0.0001617992071838848;0.003033201621545843;0.0020222446916076846;0.20079736929224232
1292853;9.0;2012-03-20 11:33:38;170414782.0;1332243218;0.5975063356824796;2;5.3933069061294925e-05;0.0010139965440321957;0.0010141987829614604;0.19960481094783758
1371392;11.0;2012-04-01 19:52:23;169348057.0;1333309943;0.593766196837418;54;0.0014561928646549633;0.02755036037998357;0.008673469387755102;0.2050462079055725
1383638;3.0;2012-04-05 23:20:16;168989984.0;1333668016;0.5925107254303846;1;2.6966534530647462e-05;0.000511272904789434;0.0005115089514066496;0.19772340616574408
1394584;1.0;2012-04-10 20:54:27;168566733.0;1334091267;0.5910267276743452;1;2.6966534530647462e-05;0.0005125566501902839;0.0005125576627370579;0.19722921638246368
1401165;10.0;2012-04-12 22:31:36;168388104.0;1334269896;0.5904004207426107;7;0.00018876574171453227;0.003591702653769413;0.001540041067761807;0.19783095905886755
1405125;71.0;2012-04-14 12:32:21;168251259.0;1334406741;0.5899206163879247;85;0.002292155435105034;0.04364900473047872;0.02773497688751926;0.2114218226650441
1406330;1.0;2012-04-15 04:13:02;168194818.0;1334463182;0.5897227236071666;21;0.0005662972251435968;0.010787490492126815;0.004110996916752313;0.19954147981988396
1438180;21.0;2012-04-26 19:40:57;167188743.0;1335469257;0.5861952350899338;4;0.00010786613812258985;0.0020671248183258373;0.0015503875968992248;0.19615749593345436
1444647;161.0;2012-04-29 05:01:15;166982325.0;1335675675;0.5854714946881245;40;0.0010786613812258986;0.02069680129319076;0.011904761904761904;0.20185248759973692
1466705;39.0;2012-05-07 13:05:02;166262098.0;1336395902;0.5829462431191053;18;0.00048539762155165437;0.009353905783144876;0.002598752598752599;0.19664543622530198
1476675;6.0;2012-05-10 15:09:33;165995427.0;1336662573;0.5820112443462712;1;2.6966534530647462e-05;0.0005204962664423278;0.0005205622071837585;0.19422737967859272
1492637;190.0;2012-05-16 22:33:44;165450376.0;1337207624;0.5801001928403633;72;0.0019415904862066173;0.037599189257811055;0.013584117032392894;0.20351468936940614
1507132;1.0;2012-05-22 16:56:15;164952225.0;1337705775;0.5783535815714737;1;2.6966534530647462e-05;0.0005237880240778807;0.0005238344683080147;0.19300952544521385
1515295;26.0;2012-05-25 06:28:33;164730687.0;1337927313;0.5775768276007153;182;0.004907909284577839;0.09545762411590017;0.04512067156348373;0.2209423584315705
1524538;41.0;2012-05-29 13:22:19;164360261.0;1338297739;0.5762780442480979;27;0.0007280964323274818;0.014193211825089522;0.013144058885383806;0.19792625554964208
1545836;1.0;2012-06-06 13:48:07;163667513.0;1338990487;0.5738491392307422;13;0.00035056494889841713;0.006862693636702354;0.005279831045406547;0.19383442768160736
1558033;70.0;2012-06-11 13:16:44;163237396.0;1339420604;0.5723410679849935;2;5.3933069061294925e-05;0.001058580963886486;0.0010587612493382745;0.19123495973524549
1584873;8.0;2012-06-20 17:59:14;162442846.0;1340215154;0.5695552259738438;11;0.00029663187983712216;0.00585067316537904;0.00425531914893617;0.1919648419427044
1586336;41.0;2012-06-21 02:25:57;162412443.0;1340245557;0.5694486273272326;1;2.6966534530647462e-05;0.0005319789444950348;0.0005321979776476849;0.19004466339453793
1571990;180.0;2012-07-02 10:52:39;161431641.0;1341226359;0.5660097507100031;2;5.3933069061294925e-05;0.001070422123752059;0.0005353319057815847;0.18899563683433712
1627633;3.0;2012-07-05 06:48:07;161187113.0;1341470887;0.56515238946741;2;5.3933069061294925e-05;0.0010720460015931918;0.0010723860589812334;0.18884438393807948
1627326;1.0;2012-07-05 02:28:43;161202677.0;1341455323;0.5652069597840188;107;0.002885419194779279;0.057348923554166535;0.02198391420911528;0.20417780720467432
1639122;1.0;2012-07-09 16:12:10;160807670.0;1341850330;0.5638219908137864;2;5.3933069061294925e-05;0.0010745756094842989;0.0010746910263299302;0.18840191556335734
1652375;1152.0;2012-07-13 09:55:15;160484685.0;1342173315;0.5626895445461239;26;0.0007011298977968343;0.013997597340830371;0.010231556273559504;0.1926292859483521
1684876;389.0;2012-07-24 14:28:09;159517911.0;1343140089;0.5592998527400862;6;0.0001617992071838848;0.0032497918055107928;0.002166847237269773;0.18755707782539394
1681601;1.0;2012-07-23 15:36:18;159600222.0;1343057778;0.5595884506153361;7;0.00018876574171453227;0.00378946841314544;0.0010828370330265298;0.18747896230098823
1694941;1.0;2012-07-27 06:57:44;159285736.0;1343372264;0.5584858034430771;3;8.08996035919424e-05;0.0016272643521576848;0.001627780792186652;0.18686031530532995
1708685;81.0;2012-08-01 03:53:40;158864780.0;1343793220;0.5570098523894674;11;0.00029663187983712216;0.0059824462036204605;0.002176278563656148;0.18728525277463254
1711499;16.0;2012-08-01 22:28:52;158797868.0;1343860132;0.5567752463097367;46;0.0012404605884097837;0.025028043827389417;0.010887316276537834;0.19279503362404737
1713371;1.0;2012-08-02 13:43:59;158742961.0;1343915039;0.5565827320220189;4;0.00010786613812258985;0.002177104407168013;0.001633097441480675;0.18632566897010178
1728173;1.0;2012-08-07 19:23:44;158290576.0;1344367424;0.5549965849724764;57;0.0015370924682469055;0.031112401789478605;0.013100436681222708;0.193843644243106
1747965;107.0;2012-08-14 14:04:33;157704927.0;1344953073;0.5529431892289892;10;0.00026966534530647464;0.005478585967070008;0.0032876712328767125;0.18611682821538722
1750885;59.0;2012-08-15 11:22:16;157628264.0;1345029736;0.55267439430595;4;0.00010786613812258985;0.0021925001978071647;0.0021929824561403508;0.1851654269501836
1760027;18.0;2012-08-17 20:14:27;157423533.0;1345234467;0.5519565688440097;11;0.00029663187983712216;0.006037216811796493;0.0027442371020856204;0.18575194299544998
1759822;1.0;2012-08-17 19:01:01;157427939.0;1345230061;0.5519720171101995;14;0.0003775314834290645;0.007683515440038886;0.003293084522502744;0.18618891227822262
1767297;196.0;2012-08-21 02:10:16;157142984.0;1345515016;0.5509729111882472;5;0.00013483267265323732;0.002749088689826585;0.0011001100110011;0.18442455418196707
1783806;1.0;2012-08-26 16:17:32;156660148.0;1345997852;0.5492799971950493;8;0.0002157322762451797;0.004412098474463333;0.001654715940430226;0.1842962941982625
1785371;1.0;2012-08-27 10:39:51;156594009.0;1346063991;0.5490481013989692;9;0.00024269881077582719;0.004965707212975178;0.0027593818984547464;0.18459417184579324
1796286;1.0;2012-08-30 13:39:26;156324034.0;1346333966;0.5481015181795871;8;0.0002157322762451797;0.004421584975218846;0.0027639579878385853;0.18418235945508643
1800711;1.0;2012-08-31 19:52:15;156215265.0;1346442735;0.5477201535710529;3;8.08996035919424e-05;0.0016592488576580528;0.00165929203539823;0.1832849739097082
1812658;1.0;2012-09-05 12:27:53;155809927.0;1346848073;0.5462989621682269;9;0.00024269881077582719;0.004990696131960835;0.0038824181919023854;0.18396271599540534
1818605;31.0;2012-09-07 00:58:09;155678511.0;1346979489;0.5458381929104871;26;0.0007011298977968343;0.014429737190895922;0.006662965019433647;0.18619204423128596
1875782;21.0;2012-09-25 14:53:53;154073167.0;1348584833;0.5402095543634515;1;2.6966534530647462e-05;0.0005607725321827129;0.0005608524957936064;0.18031026830076202
1886858;151.0;2012-09-28 13:56:14;153817426.0;1348840574;0.5393128782300761;29;0.0007820295013887765;0.01628944174374625;0.007865168539325843;0.18464766587749507
1891105;6.0;2012-09-30 05:50:45;153673755.0;1348984245;0.5388091406332176;7;0.00018876574171453227;0.003935610215290177;0.00281214848143982;0.1810092104694095
1900151;1.0;2012-10-03 10:09:27;153399033.0;1349258967;0.5378459135373935;12;0.0003235984143677696;0.006758843127779039;0.004507042253521127;0.18161610520073324
1917678;1.0;2012-10-09 00:20:27;152915973.0;1349742027;0.5361522141579889;1;2.6966534530647462e-05;0.0005650161870271067;0.0005652911249293387;0.17895963849869911
1921260;69.0;2012-10-09 22:45:58;152835242.0;1349822758;0.5358691560604467;114;0.003074184936493811;0.0644458691013163;0.031108597285067874;0.19790972575909205
1924273;1.0;2012-10-10 17:48:23;152766697.0;1349891303;0.5356288243750219;6;0.0001617992071838848;0.003393409756054358;0.0016968325791855204;0.1795731676976087
1931515;6.0;2012-10-12 14:07:02;152607178.0;1350050822;0.5350695207040427;5;0.00013483267265323732;0.0028307973822830268;0.0022650056625141564;0.17942826604885326
1956626;11.0;2012-10-19 17:36:19;151989821.0;1350668179;0.5329049507380527;38;0.0010247283121646038;0.021601446586347384;0.009664582148948268;0.18390755229235367
1959594;8.0;2012-10-20 18:11:33;151901307.0;1350756693;0.5325946039760177;5;0.00013483267265323732;0.002843951829854894;0.0011376564277588168;0.17832364890541808
1978780;1.0;2012-10-26 05:30:28;151428572.0;1351229428;0.530937105992076;33;0.0008898956395113664;0.0188286791742314;0.008561643835616438;0.18248003339517918
1990926;458.0;2012-10-30 12:20:31;151058369.0;1351599631;0.5296391045194768;4;0.00010786613812258985;0.0022878573513527077;0.0005720823798627003;0.17709766486121406
1985291;164.0;2012-10-28 15:46:15;151218825.0;1351439175;0.5302016934890081;1;2.6966534530647462e-05;0.0005713574351606025;0.0005714285714285715;0.17697872284535263
2011476;1.0;2012-11-05 14:12:18;150533262.0;1352124738;0.5277979804354686;8;0.0002157322762451797;0.004591676223690682;0.004018369690011481;0.17775646500733544
2020794;38.0;2012-11-07 22:19:22;150331238.0;1352326762;0.5270896462255882;6;0.0001617992071838848;0.0034483850921256964;0.0011500862564692352;0.17659925095646362
2013357;1.0;2012-11-06 00:22:26;150496654.0;1352161346;0.5276696258896953;2;5.3933069061294925e-05;0.0011481982848602068;0.0005743825387708214;0.17623832057933317
2032333;26.0;2012-11-11 10:10:02;150029398.0;1352628602;0.5260313383121209;73;0.001968557020737265;0.04203976076741973;0.0195852534562212;0.18773885885118322
2028925;31.0;2012-11-09 23:19:09;150154851.0;1352503149;0.5264712001682971;3;8.08996035919424e-05;0.0017262179561551429;0.0011514104778353484;0.17608618056914838
2054638;1.0;2012-11-18 03:54:05;149447155.0;1353210845;0.5239898846464011;4;0.00010786613812258985;0.002312523112266673;0.002313475997686524;0.17565405093479708
2059769;3003.0;2012-11-19 22:17:28;149294552.0;1353363448;0.5234548297745519;9;0.00024269881077582719;0.005208495484818496;0.0017371163867979154;0.17584797963838053
2073738;1.0;2012-11-23 17:31:28;148966112.0;1353691888;0.5223032572490446;630;0.016988916754307904;0.3653985411124914;0.0933874709976798;0.2625949395397603
2070853;28.0;2012-11-22 18:49:49;149047811.0;1353610189;0.5225897093369798;2;5.3933069061294925e-05;0.0011593595292721207;0.0011594202898550724;0.17469313470693437
2077775;6.0;2012-11-25 08:56:18;148824222.0;1353833778;0.5218057641737667;4;0.00010786613812258985;0.002322202631773207;0.0017421602787456446;0.17478479510076816
2080814;1.0;2012-11-26 13:03:28;148722992.0;1353935008;0.5214508327197503;49;0.0013213601920017259;0.028466345001988663;0.011621150493898896;0.1817969627450567
2102208;1.0;2012-12-02 03:16:02;148239838.0;1354418162;0.519756803758634;3;8.08996035919424e-05;0.0017485178309490598;0.001749271137026239;0.1740012302431907
2111738;1.0;2012-12-04 23:50:10;147992990.0;1354665010;0.5188913081589005;5;0.00013483267265323732;0.0029190571796677677;0.002336448598130841;0.17406809923394084
2106228;36.0;2012-12-03 16:01:58;148107482.0;1354550518;0.5192927386837769;457;0.012323706280505891;0.2665955795535029;0.10093348891481914;0.2458444749523407
2126357;1.0;2012-12-09 00:43:54;147644166.0;1355013834;0.5176682654885874;6;0.0001617992071838848;0.003511144490463646;0.001756440281030445;0.17362083911665993
2136986;1.0;2012-12-12 06:44:54;147363306.0;1355294694;0.5166835174082255;6;0.0001617992071838848;0.003517836387302549;0.0011730205278592375;0.17314785013438638
2143857;10.0;2012-12-13 22:22:12;147220668.0;1355437332;0.5161834017040076;132;0.0035595825580454657;0.0774673838594456;0.02172636523781562;0.19129385149354203
2146297;18.0;2012-12-14 15:21:33;147159507.0;1355498493;0.515968959713895;10;0.00026966534530647464;0.0058711803104912535;0.002348796241926013;0.17362279868652167
2163233;1.0;2012-12-20 00:16:48;146695392.0;1355962608;0.5143416850741559;9;0.00024269881077582719;0.005300779999960735;0.0011785503830288745;0.17268600398982992
2205126;1.0;2013-01-04 16:27:42;145341138.0;1357316862;0.5095934153781424;7;0.00018876574171453227;0.004161244423447407;0.002378121284185493;0.17119973428643037
2217525;1.0;2013-01-08 14:36:46;145002194.0;1357655806;0.5084050138494443;1;2.6966534530647462e-05;0.0005958530530924243;0.0005959475566150177;0.16972337531478324
2220486;1.0;2013-01-09 06:42:30;144944250.0;1357713750;0.5082018512674871;1;2.6966534530647462e-05;0.0005960912557759278;0.0005963029218843173;0.1696557829958954
2225037;1.0;2013-01-09 20:38:46;144894074.0;1357763926;0.5080259247571964;125;0.003370816816330933;0.07453720985166032;0.02981514609421586;0.19006133395531222
2233061;1.0;2013-01-11 17:57:31;144730949.0;1357927051;0.5074539777707654;2;5.3933069061294925e-05;0.0011939395215324678;0.0011940298507462687;0.16966230657379577
2254945;76.0;2013-01-17 11:47:58;144234722.0;1358423278;0.5057141124084008;22;0.0005932637596742442;0.013178518831270046;0.005392450569203115;0.1722642191902313
2283853;1.0;2013-01-24 21:07:35;143596345.0;1359061655;0.5034758423617686;1;2.6966534530647462e-05;0.0006016866237089809;0.0006020469596628537;0.16808281526475605
2283116;1.0;2013-01-24 18:14:32;143606728.0;1359051272;0.5035122471161599;5;0.00013483267265323732;0.0030082156039374424;0.0030084235860409147;0.1691245990373831
2298604;1.0;2013-01-28 23:59:47;143240413.0;1359417587;0.5022278777041478;28;0.0007550629668581291;0.016889088416688663;0.007845503922751962;0.1723742823598999
2311512;780.0;2013-01-31 19:09:36;142998624.0;1359659376;0.5013801199116441;4;0.00010786613812258985;0.0024168064722077326;0.002416918429003021;0.1681607038576974
2316668;331.0;2013-02-01 22:35:27;142899873.0;1359758127;0.5010338802987273;6;0.0001617992071838848;0.003627714910565386;0.002419842710223836;0.16826132306402194
2332873;28.0;2013-02-06 11:05:44;142509256.0;1360148744;0.4996643034956698;43;0.001159560984817841;0.02606988559395749;0.012734990903577926;0.1743733867363151
2342013;1.0;2013-02-08 07:29:48;142349412.0;1360308588;0.4991038603134532;1;2.6966534530647462e-05;0.0006069571962826233;0.0006071645415907711;0.16662764573956187
2349997;1.0;2013-02-10 20:18:04;142130516.0;1360527484;0.4983363696925073;104;0.002804519591187337;0.06322076534218732;0.028571428571428567;0.18449290449518763
2362256;22.0;2013-02-13 18:30:06;141877794.0;1360780206;0.4974502787419796;5;0.00013483267265323732;0.003044873956808209;0.0030450669914738127;0.167119213489493
2351810;16.0;2013-02-11 10:34:35;142079125.0;1360578875;0.4981561831632832;1;2.6966534530647462e-05;0.0006081118531663255;0.0006082725060827251;0.1663122227901088
2372195;18.0;2013-02-15 22:10:16;141691784.0;1360966216;0.4967980926334981;3;8.08996035919424e-05;0.001829322722057053;0.0018303843807199512;0.16638207232758684
2377601;1.0;2013-02-17 17:44:46;141534914.0;1361123086;0.4962480768556502;4;0.00010786613812258985;0.0024418003320368004;0.0018315018315018317;0.1663078343329623
2377301;1.0;2013-02-17 15:00:09;141544791.0;1361113209;0.4962827074786999;70;0.0018876574171453227;0.04272852400481485;0.02197802197802198;0.17851540967582763
2396915;1.0;2013-02-21 17:04:18;141191742.0;1361466258;0.4950448511623015;7;0.00018876574171453227;0.004283536639132903;0.0030599755201958386;0.16654105847610026
2406643;11.0;2013-02-23 22:19:23;141000037.0;1361657963;0.4943726973107535;20;0.0005393306906129493;0.012255315933002204;0.00674432863274065;0.16865436658992328
2403695;36.0;2013-02-23 00:09:50;141079810.0;1361578190;0.4946523964797868;39;0.0010516948466952512;0.02388435311898988;0.02144607843137255;0.17448930099927754
2423398;1.0;2013-02-27 18:53:58;140666762.0;1361991238;0.4932041723642229;98;0.0026427203840034517;0.06019332413438223;0.036855036855036855;0.1843080507868981
2438621;1.0;2013-03-03 03:55:41;140375059.0;1362282941;0.4921814066827952;2;5.3933069061294925e-05;0.001230987906477033;0.0012315270935960591;0.16458699858600892
2432125;1.0;2013-03-01 12:41:38;140516302.0;1362141698;0.4926766312541636;107;0.002885419194779279;0.0657916545512278;0.024600246002460024;0.18206223580923567
2442112;1.0;2013-03-04 07:09:11;140277049.0;1362380951;0.4918377651554994;3;8.08996035919424e-05;0.0018477719758704077;0.0018484288354898336;0.16473621582424863
2445996;11.0;2013-03-05 00:41:34;140213906.0;1362444094;0.4916163738999334;5;0.00013483267265323732;0.0030810068154010343;0.0018495684340320594;0.16488172604588264
2457160;1.0;2013-03-07 02:59:32;140032828.0;1362625172;0.490981480312752;179;0.004827009680985896;0.1104426741992242;0.03271604938271605;0.19145337057004685
2471592;139.0;2013-03-10 11:34:17;139742743.0;1362915257;0.489964387644192;5;0.00013483267265323732;0.00309139487837304;0.0006184291898577612;0.16402501049342058
2472584;1.0;2013-03-10 19:12:51;139715229.0;1362942771;0.4898679183759335;10;0.00026966534530647464;0.006184007328220462;0.004947433518862091;0.16562424872939005
2488313;743.0;2013-03-13 20:12:20;139452460.0;1363205540;0.4889466007503243;1;2.6966534530647462e-05;0.0006195659796894222;0.0006195786864931846;0.16324709755197894
2504917;16.0;2013-03-17 13:15:33;139131867.0;1363526133;0.4878225412853687;3;8.08996035919424e-05;0.0018629808223589784;0.0012422360248447205;0.16324879447262525
2519935;1.0;2013-03-20 15:04:37;138866123.0;1363791877;0.4868907927492023;11;0.00029663187983712216;0.006844001830453638;0.0024891101431238328;0.16413403339388327
2559626;1.0;2013-03-28 21:50:23;138150577.0;1364507423;0.4843819536481889;16;0.0004314645524903594;0.0100064728647496;0.0025031289111389237;0.16386204505942856
2561929;1.0;2013-03-29 05:06:12;138124428.0;1364533572;0.4842902703271274;3;8.08996035919424e-05;0.001876568857175648;0.0006257822277847308;0.16191952204308258
2573903;1.0;2013-04-01 16:21:34;137824706.0;1364833294;0.4832393885207391;37;0.0009977617776339564;0.023194680349980214;0.011912225705329151;0.16817307310265053
2579277;21.0;2013-04-02 17:32:28;137734052.0;1364923948;0.4829215385154798;7;0.00018876574171453227;0.0043910709894747005;0.002509410288582183;0.16238023534431326
2585246;11.0;2013-04-03 19:24:13;137640947.0;1365017053;0.4825950948423968;18;0.00048539762155165437;0.011298963236572326;0.006277463904582547;0.16443890753509452
2584154;1.0;2013-04-03 15:39:19;137654441.0;1365003559;0.482642407348971;1;2.6966534530647462e-05;0.0006276586456080992;0.0006277463904582549;0.16114909045517223
2618268;1.0;2013-04-10 19:52:10;137034470.0;1365623530;0.4804686722064444;6;0.0001617992071838848;0.0037829897835194312;0.0037831021437578815;0.16177294770380346
2625734;1.0;2013-04-12 06:58:49;136908071.0;1365749929;0.4800254934960205;21;0.0005662972251435968;0.013252688367802657;0.005681818181818182;0.16377930807838106
2642848;1.0;2013-04-16 15:10:36;136532964.0;1366125036;0.4787102976753971;2;5.3933069061294925e-05;0.0012656284236237632;0.0012658227848101266;0.16011097625920417
2667391;1.0;2013-04-22 02:49:12;136059048.0;1366598952;0.4770486588829284;3;8.08996035919424e-05;0.0019050552227882704;0.0012706480304955528;0.15967161573996275
2673731;1.0;2013-04-23 13:06:31;135935609.0;1366722391;0.4766158584902352;10;0.00026966534530647464;0.0063559504853507535;0.0012714558169103626;0.1603165582015244
2709135;1.0;2013-05-01 05:26:18;135272022.0;1367385978;0.4742891974334701;1;2.6966534530647462e-05;0.0006387130074835428;0.0006389776357827476;0.1583693373549823
2730432;1.0;2013-05-06 14:50:04;134806196.0;1367851804;0.4726559237053399;7;0.00018876574171453227;0.004486440667756844;0.000641025641025641;0.1585071625254245
2739686;49.0;2013-05-08 12:34:08;134641552.0;1368016448;0.472078650818695;5;0.00013483267265323732;0.003208519165019725;0.0019255455712451864;0.15840939802804288
2760563;1.0;2013-05-13 15:27:00;134199180.0;1368458820;0.4705276112338277;11;0.00029663187983712216;0.0070820104862041626;0.004507405022537025;0.1592238813845701
2750765;1.0;2013-05-10 17:32:12;134450868.0;1368207132;0.4714100767855264;3;8.08996035919424e-05;0.0019278417748853805;0.0012853470437017994;0.15779956088614644
2767059;21.0;2013-05-14 19:57:23;134096557.0;1368561443;0.4701677956593388;10;0.00026966534530647464;0.006443118446359514;0.0019329896907216496;0.15834711538651322
2696044;1.0;2013-05-20 19:43:37;133578983.0;1369079017;0.4683530836927177;1;2.6966534530647462e-05;0.0006468083381051045;0.000646830530401035;0.15639394522015634
2804137;1.0;2013-05-23 05:06:25;133372415.0;1369285585;0.46762881736264506;12;0.0003235984143677696;0.007773721425078791;0.002592352559948153;0.15790088043530714
2834653;6.0;2013-05-30 11:29:14;132744646.0;1369913354;0.4654277409627993;7;0.00018876574171453227;0.00455611595815322;0.004557291666666667;0.15708844733272062
2827812;1.0;2013-05-29 00:12:20;132871660.0;1369786340;0.4658730759791031;29;0.0007820295013887765;0.01885729432446317;0.011060507482108002;0.16139454195965242
2852567;1.0;2013-06-04 00:45:31;132351269.0;1370306731;0.4640484870796957;28;0.0007550629668581291;0.018278630936285168;0.005225342913128674;0.1592243689859428
2868611;1.0;2013-06-07 10:26:17;132057223.0;1370600777;0.4630175063987938;145;0.003910147506943883;0.0948679649275981;0.012434554973821987;0.1742366719077224
2876356;11.0;2013-06-10 16:51:28;131774912.0;1370883088;0.4620276708390309;1;2.6966534530647462e-05;0.0006556634998929082;0.0006557377049180327;0.15428917692285463
2892552;9.0;2013-06-13 10:01:19;131540321.0;1371117679;0.4612051505907928;5;0.00013483267265323732;0.0032841641005270164;0.001971090670170828;0.15480889171605813
2908727;1.0;2013-06-17 16:57:41;131169739.0;1371488261;0.4599058202727815;5;0.00013483267265323732;0.003293442552325273;0.002635046113306983;0.15454331687947143
2915468;1.0;2013-06-19 00:51:49;131054891.0;1371603109;0.4595031415448266;19;0.0005123641560823019;0.01252604910411165;0.0052770448548812654;0.1567027409517017
1924353;1.0;2013-06-20 06:44:16;130947344.0;1371710656;0.45912606149854496;1;2.6966534530647462e-05;0.0006598071970058437;0.0;0.1531587299993153
1798820;1.0;2013-06-23 00:22:53;130711027.0;1371946973;0.4582974895690894;1;2.6966534530647462e-05;0.0006610000853256244;0.0006613756613756612;0.1530480820862273
2936183;1.0;2013-06-24 09:20:05;130592395.0;1372065605;0.4578815434241436;1;2.6966534530647462e-05;0.0006616005472600453;0.0006618133686300463;0.15290964287504805
2975800;1.0;2013-06-27 10:35:23;130328677.0;1372329323;0.4569568984257214;1;2.6966534530647462e-05;0.0006629392854191254;0.000663129973474801;0.15260198014981166
2970284;1.0;2013-06-26 07:57:58;130424522.0;1372233478;0.4572929490550822;29;0.0007820295013887765;0.01921111123566165;0.009940357852882704;0.15831343172953888
3015548;1.0;2013-07-07 13:36:58;129453782.0;1373204218;0.4538893517057607;1;2.6966534530647462e-05;0.0006674196664258138;0.0006675567423230973;0.15158131799887128
3033774;1.0;2013-07-11 15:00:42;129103158.0;1373554842;0.4526599978962871;2;5.3933069061294925e-05;0.001338464547861796;0.0013386880856760374;0.151457898678757
3044364;241.0;2013-07-14 10:31:08;128860132.0;1373797868;0.4518079029487045;2;5.3933069061294925e-05;0.001340988848280863;0.001341381623071764;0.15117496113064824
3052295;1813.0;2013-07-16 13:15:10;128677490.0;1373980510;0.4511675256828302;9;0.00024269881077582719;0.006043014982651589;0.000671591672263264;0.15162491701214512
3068854;8.0;2013-07-19 19:18:02;128396518.0;1374261482;0.45018238490936496;23;0.0006202302942048918;0.015477055226684576;0.004037685060565276;0.1538047830129283
3072692;6.0;2013-07-21 00:00:31;128293169.0;1374364831;0.4498200238420813;5;0.00013483267265323732;0.0033672876223051285;0.0020215633423180594;0.15104032155482078
3088974;18.0;2013-07-24 20:41:33;127959507.0;1374698493;0.4486501420006312;1;2.6966534530647462e-05;0.0006752136048789248;0.0006752194463200541;0.14983812942956956
3104464;358.0;2013-07-28 17:57:00;127623780.0;1375034220;0.4474730198800884;23;0.0006202302942048918;0.015570765887047068;0.007447528774542992;0.15376974070839095
3097657;6.0;2013-07-26 15:22:00;127805880.0;1374852120;0.4481114967918376;11;0.00029663187983712216;0.007436277579716989;0.0047329276538201496;0.15186726841064632
3117582;1.0;2013-07-31 16:16:54;127370586.0;1375287414;0.4465852740086253;16;0.0004314645524903594;0.010853369238640387;0.00203527815468114;0.1512873385527747
3132267;1.0;2013-08-04 05:49:38;127062622.0;1375595378;0.44550549419725816;7;0.00018876574171453227;0.00475985770229108;0.0047619047619047615;0.15053280864203938
3127851;1.0;2013-08-02 18:51:01;127188539.0;1375469461;0.4459469829248624;104;0.002804519591187337;0.07064787496301063;0.022418478260869564;0.1667293895984701
3136274;1.0;2013-08-05 14:15:37;126945863.0;1375712137;0.4450961151432278;5;0.00013483267265323732;0.003403025429824365;0.002722940776038121;0.1496469859815528
3178496;1.0;2013-08-15 16:09:56;126075004.0;1376582996;0.44204271939974055;22;0.0005932637596742442;0.015076739557351115;0.009595613433858808;0.15240758235785531
3182862;3.0;2013-08-16 15:20:23;125991577.0;1376666423;0.4417502086182111;8;0.0002157322762451797;0.005486081025876833;0.00205761316872428;0.1487327527382922
3192210;18.0;2013-08-19 15:28:20;125731900.0;1376926100;0.4408397321272045;1;2.6966534530647462e-05;0.0006871764444822675;0.0006872852233676976;0.14723966972262312
3200264;1.0;2013-08-21 10:46:04;125576036.0;1377081964;0.4402932435749097;3;8.08996035919424e-05;0.0020640880876348095;0.0006882312456985548;0.14730071191856495
3216712;1.0;2013-08-25 13:53:11;125219209.0;1377438791;0.4390421408786509;173;0.004665210473802012;0.1193682672121016;0.04485852311939269;0.17862302489319923
3212437;1.0;2013-08-23 22:52:32;125359648.0;1377298352;0.4395345464745276;6;0.0001617992071838848;0.0041353019753214365;0.0006896551724137929;0.1474135960822955
3224188;5.0;2013-08-27 13:00:40;125049560.0;1377608440;0.4384473195189509;8;0.0002157322762451797;0.005527408493080663;0.0027643400138217;0.14781535932768047
3291873;1.0;2013-09-11 22:48:45;123718275.0;1378939725;0.4337795834648154;418;0.01127201143381064;0.2919148363489549;0.07686932215234102;0.2152810006096355
3294533;1.0;2013-09-12 13:47:34;123664346.0;1378993654;0.4335904982293749;2;5.3933069061294925e-05;0.0013973308038195589;0.001397624039133473;0.14512594382081026
3305633;38.0;2013-09-15 08:16:59;123424981.0;1379233019;0.4327512394376074;1;2.6966534530647462e-05;0.0007000203629766004;0.0007002801120448178;0.1445488948680091
3325905;1.0;2013-09-19 19:01:24;123040716.0;1379617284;0.4314039339434101;13;0.00035056494889841713;0.009128685499521965;0.004915730337078652;0.14663933271921795
3327414;1.0;2013-09-20 01:17:06;123018174.0;1379639826;0.4313248974439887;5;0.00013483267265323732;0.0035116762503725678;0.0021082220660576245;0.1449210088744027
3356460;1.0;2013-09-26 15:37:30;122448150.0;1380209850;0.429326285894604;1;2.6966534530647462e-05;0.0007056047804723876;0.0007057163020465772;0.14340953347075766
2902011;3.0;2013-09-24 18:12:40;122611640.0;1380046360;0.4298995126398093;22;0.0005932637596742442;0.015502606440954548;0.0063424947145877385;0.1476175449053277
3359576;1.0;2013-09-27 05:07:50;122399530.0;1380258470;0.4291558150134988;10;0.00026966534530647464;0.007058850634475477;0.00423728813559322;0.1453551518138038
3358789;1.0;2013-09-27 00:24:08;122416552.0;1380241448;0.42921549735282777;1;2.6966534530647462e-05;0.0007057869102537702;0.0007062146892655367;0.1433727589086006
2967720;1.0;2013-10-01 22:12:39;121992441.0;1380665559;0.4277284842747449;1;2.6966534530647462e-05;0.0007082406032026198;0.0007087172218284906;0.14287812246453852
3392460;1.0;2013-10-04 18:25:17;121746883.0;1380911117;0.4268675116580765;2;5.3933069061294925e-05;0.0014193381854383901;0.0007097232079489;0.14271664098618445
3390091;1.0;2013-10-04 07:44:48;121785312.0;1380872688;0.4270022509729673;5;0.00013483267265323732;0.003547225793534117;0.0028388928317956;0.14366871933269032
3421438;1.0;2013-10-11 01:39:46;121202414.0;1381455586;0.4249585007538305;13;0.00035056494889841713;0.009267142154445868;0.004992867332382311;0.144533215347338
3427898;1.0;2013-10-12 08:16:29;121092211.0;1381565789;0.4245721082710985;40;0.0010786613812258986;0.02854023369017517;0.004996431120628123;0.14779951483085885
3442311;199.0;2013-10-15 23:37:37;120777743.0;1381880257;0.42346952421023104;9;0.00024269881077582719;0.0064382723230719755;0.0028632784538296352;0.14300604777340706
3440472;1.0;2013-10-15 16:41:05;120802735.0;1381855265;0.4235571508712878;2;5.3933069061294925e-05;0.0014304311901547596;0.001430615164520744;0.14179525921385058
2781375;1.0;2013-10-22 22:35:39;120176661.0;1382481339;0.4213620174608184;7;0.00018876574171453227;0.005032591145130917;0.0035971223021582736;0.14223924302209617
3476833;31.0;2013-10-23 08:39:57;120140403.0;1382517597;0.42123489008099296;1;2.6966534530647462e-05;0.0007191585664982329;0.0007194244604316548;0.14071808753682125
3487502;1.0;2013-10-25 03:58:11;119984509.0;1382673491;0.4206882963430455;1;2.6966534530647462e-05;0.0007200929580001033;0.0007204610951008645;0.14053630451475638
3494402;6.0;2013-10-26 18:13:48;119846772.0;1382811228;0.42020536446828655;3;8.08996035919424e-05;0.002162761630325763;0.0021629416005767843;0.1409898753955253
3491558;8.0;2013-10-25 22:18:48;119918472.0;1382739528;0.4204567581781845;7;0.00018876574171453227;0.005043426503966796;0.0021629416005767843;0.14158075064562878
3507277;11.0;2013-10-29 18:23:33;119586987.0;1383071013;0.4192945093089303;83;0.00223822236604374;0.05996639082478096;0.02745664739884393;0.15718295234832885
3530064;1.0;2013-11-03 17:53:32;119156788.0;1383501212;0.4177861505557309;3;8.08996035919424e-05;0.002175285221686237;0.002175489485134155;0.14018869499437284
3529750;3.0;2013-11-03 15:34:46;119165114.0;1383492886;0.4178153430805371;2;5.3933069061294925e-05;0.001450088823814661;0.0014503263234227704;0.1398895273456025
3533172;1.0;2013-11-04 14:16:28;119083412.0;1383574588;0.4175288804740367;30;0.000808996035919424;0.02176625574013617;0.010885341074020321;0.1457275870588532
3558357;1.0;2013-11-09 12:31:40;118657700.0;1384000300;0.4160362539882893;1;2.6966534530647462e-05;0.0007281449075786906;0.0007283321194464676;0.13898893347752048
3569478;1.0;2013-11-11 22:01:55;118450685.0;1384207315;0.41531042039199184;5;0.00013483267265323732;0.003647087393373875;0.00145985401459854;0.13944332636803922
3591486;1.0;2013-11-15 22:37:03;118102977.0;1384555023;0.4140912906279584;1;2.6966534530647462e-05;0.0007315649630068174;0.0007320644216691068;0.13834211544220384
3599030;1.0;2013-11-18 03:23:02;117913018.0;1384744982;0.41342525858139617;9;0.00024269881077582719;0.006594691690445918;0.0029325513196480943;0.13970134734147902
3616598;29.0;2013-11-21 10:35:33;117627867.0;1385030133;0.4124254654465131;1;2.6966534530647462e-05;0.0007345198225859182;0.0007347538574577517;0.1377880052172658
3652472;13.0;2013-11-28 07:24:36;117034524.0;1385623476;0.4103450930893026;1;2.6966534530647462e-05;0.0007382436997821259;0.0007385524372230429;0.13709611805600297
3650162;1.0;2013-11-27 20:00:41;117075559.0;1385582441;0.4104889695312226;1;2.6966534530647462e-05;0.0007379849452608635;0.0007380073800738008;0.13714389747993544
3682092;125.0;2013-12-04 20:53:33;116467587.0;1386190413;0.4083573051435784;1;2.6966534530647462e-05;0.0007418372976165463;0.000741839762611276;0.13643494283841437
3680823;3.0;2013-12-04 16:34:50;116483110.0;1386174890;0.4084117317064619;5;0.00013483267265323732;0.0037086921872192453;0.002967359050445104;0.13753090719746508
3693581;8.0;2013-12-06 22:30:37;116288963.0;1386369037;0.40773101574278603;2;5.3933069061294925e-05;0.0014859535723953446;0.0007434944237918214;0.13635735438287452
3686375;388.0;2013-12-05 15:46:24;116399616.0;1386258384;0.4081189860103082;1;2.6966534530647462e-05;0.0007422704899645032;0.0007423904974016332;0.13635571300974655
3706396;78.0;2013-12-10 03:00:36;116013564.0;1386644436;0.4067654149573998;1;2.6966534530647462e-05;0.0007447405029294677;0.0007451564828614009;0.1359056258239695
3727221;15.0;2013-12-14 00:31:25;115676915.0;1386981085;0.4055850601311313;1;2.6966534530647462e-05;0.0007469078856399309;0.0007473841554559044;0.13551309236381373
3745999;1.0;2013-12-18 13:51:50;115283290.0;1387374710;0.404204936713299;43;0.001159560984817841;0.03222669998401328;0.020239880059970013;0.1454559558296322
3756555;1.0;2013-12-20 16:40:49;115100351.0;1387557649;0.4035635181094632;3;8.08996035919424e-05;0.002251947954528827;0.0007507507507507507;0.1351044099508282
3776025;11.0;2013-12-26 17:37:13;114578567.0;1388079433;0.4017340450895831;16;0.0004314645524903594;0.01206508369056492;0.005279034690799397;0.13734982045577762
3804861;1.0;2014-01-03 18:27:31;113884349.0;1388773651;0.3992999859752463;6;0.0001617992071838848;0.004551986331326353;0.002276176024279211;0.13446815352150226
3798390;1.0;2014-01-02 10:16:21;114000219.0;1388657781;0.39970624802776894;3;8.08996035919424e-05;0.002273679842667671;0.0015163002274450339;0.13401366260746017
3809967;1.0;2014-01-05 00:17:34;113776946.0;1388881054;0.3989234108200975;10;0.00026966534530647464;0.007593805514871176;0.0060790273556231;0.13582727770107675
3817099;49.0;2014-01-06 20:53:25;113616395.0;1389041605;0.3983604887626661;1;2.6966534530647462e-05;0.00076045362995367;0.0007604562737642585;0.13311042756128805
3835775;1.0;2014-01-10 06:26:49;113322791.0;1389335209;0.3973310578170471;14;0.0003775314834290645;0.010673934072096759;0.0030511060259344014;0.1350798343283727
3861355;223.0;2014-01-15 20:17:18;112840962.0;1389817038;0.3956416745555906;66;0.0017797912790227328;0.0505348403534525;0.02679938744257274;0.1474478262578378
3875093;1.0;2014-01-18 12:10:17;112610983.0;1390047017;0.39483532484835737;1;2.6966534530647462e-05;0.0007672431027442501;0.0007674597083653107;0.1319382553606338
3873140;1.0;2014-01-17 22:58:51;112658469.0;1389999531;0.3950018197117913;54;0.0014561928646549633;0.04141366416048136;0.010744435917114352;0.14161970779278632
3877972;1.0;2014-01-19 08:18:23;112538497.0;1390119503;0.3945811752743593;36;0.0009707952431033087;0.02763854221369244;0.007680491551459293;0.13829630382570915
3885396;3.0;2014-01-21 01:55:08;112388692.0;1390269308;0.3940559307177168;1;2.6966534530647462e-05;0.0007687606151693624;0.0007692307692307692;0.1316791530010408
2386862;1.0;2014-01-23 11:09:12;112182648.0;1390475352;0.3933335016303776;2;5.3933069061294925e-05;0.0015403451699589044;0.0007704160246533128;0.13157397867854767
3925969;1.0;2014-01-29 01:42:51;111698229.0;1390959771;0.3916350373409067;10;0.00026966534530647464;0.007735127116473798;0.002321981424148607;0.1324821119920783
3943868;11.0;2014-01-31 16:16:10;111473030.0;1391184970;0.3908454472143333;155;0.004179812852250358;0.12013668238855622;0.04806201550387597;0.1633650532252354
3944218;8.0;2014-01-31 17:36:06;111468234.0;1391189766;0.3908286315346587;37;0.0009977617776339564;0.028679022581446837;0.009302325581395349;0.137631069448218
3972767;7.0;2014-02-05 23:59:52;111013208.0;1391644792;0.3892332246414921;23;0.0006202302942048918;0.01790057269581832;0.006230529595015576;0.1344405269687722
4001446;1.0;2014-02-11 17:28:11;110518309.0;1392139691;0.3874980154973529;1;2.6966534530647462e-05;0.0007817709190610218;0.0007818608287724785;0.12949850715978692
4010047;11.0;2014-02-13 01:54:41;110401519.0;1392256481;0.3870885277514813;1;2.6966534530647462e-05;0.0007825979278419168;0.0007830853563038371;0.12936245521117604
4032629;1.0;2014-02-17 11:48:41;110020279.0;1392637721;0.3857518284772624;3;8.08996035919424e-05;0.0023559293100865525;0.0015710919088766696;0.12938959558888571
4046616;1.0;2014-02-19 14:52:31;109836449.0;1392821551;0.3851072858595421;23;0.0006202302942048918;0.01809235475192757;0.007867820613690008;0.13350650047214235
4075565;1.0;2014-02-24 19:34:55;109387505.0;1393270495;0.3835332036043617;9;0.00024269881077582719;0.00710867296954986;0.003949447077409162;0.1300772165017585
4100302;126.0;2014-02-28 22:04:49;109032911.0;1393625089;0.3822899302268504;43;0.001159560984817841;0.034074115475097234;0.01586042823156225;0.13736399329222806
4123209;26.0;2014-03-05 14:12:54;108629226.0;1394028774;0.3808745345534869;2;5.3933069061294925e-05;0.0015907321294915606;0.0015910898965791568;0.1276345559474877
4137296;1.0;2014-03-07 21:05:00;108431700.0;1394226300;0.3801819711791312;5;0.00013483267265323732;0.003984074767803142;0.001594896331738437;0.12782376843877552
4159476;1.0;2014-03-12 13:25:39;108027261.0;1394630739;0.3787639318396971;1;2.6966534530647462e-05;0.0007997981176251428;0.0008;0.1265946852664692
4184880;7.0;2014-03-17 16:47:41;107583139.0;1395074861;0.3772067564250903;4;0.00010786613812258985;0.003212399296138775;0.0008032128514056224;0.12649875510510195
4187580;21.0;2014-03-18 02:50:46;107546954.0;1395111046;0.3770798849970197;1;2.6966534530647462e-05;0.0008033700331484981;0.0008038585209003215;0.12603489626838907
4208518;1.0;2014-03-21 18:31:27;107231313.0;1395426687;0.3759731881771327;5;0.00013483267265323732;0.0040286739751102365;0.0024174053182917004;0.12663390121929885
4220044;1.0;2014-03-24 14:59:05;106984855.0;1395673145;0.3751090599908839;1;2.6966534530647462e-05;0.0008075909435966427;0.0008077544426494346;0.1253796320651891
4227192;1.0;2014-03-25 19:35:49;106881851.0;1395776149;0.37474790855860596;20;0.0005393306906129493;0.01616738467600079;0.002425222312045271;0.12835167188286667
4280875;1.0;2014-04-05 07:30:11;105974989.0;1396683011;0.3715682795133409;1;2.6966534530647462e-05;0.000815286708829005;0.0008156606851549756;0.12420263109417322
4297743;1.0;2014-04-08 22:19:38;105662422.0;1396995578;0.3704723607166649;10;0.00026966534530647464;0.008176984623729334;0.003273322422258593;0.12573936461806778
4318303;1.0;2014-04-12 22:07:42;105317538.0;1397340462;0.3692631324287367;261;0.007038265512498989;0.21411818419074705;0.08784893267651889;0.18249587438862455
4322719;46.0;2014-04-14 06:07:46;105202334.0;1397455666;0.36885920549770346;1;2.6966534530647462e-05;0.0008212745546120677;0.0008216926869350862;0.12330211239703627
4341024;1.0;2014-04-17 11:25:40;104924060.0;1397733940;0.3678835244206024;3;8.08996035919424e-05;0.0024703580856478484;0.0016474464579901151;0.12347165433653762
3587145;1.0;2014-04-19 01:30:20;104786980.0;1397871020;0.36740289611163707;9;0.00024269881077582719;0.0074207692596923785;0.0033003300330033004;0.12459018412477252
1188174;780.0;2012-01-21 04:07:40;175539140.0;1327118860;0.6154733003751621;28;0.0007550629668581291;0.013781541825942637;0.009354997538158542;0.20998220555563196
4369377;179.0;2014-04-23 14:51:48;104393292.0;1398264708;0.366022551803934;9;0.00024269881077582719;0.007448754465947871;0.0033112582781456954;0.12413746561786636
4382747;4.0;2014-04-25 21:20:20;104197180.0;1398460820;0.3653349461800077;1;2.6966534530647462e-05;0.0008291971049504411;0.0008298755186721991;0.12213072542412835
4416225;1.0;2014-05-03 01:33:22;103577198.0;1399080802;0.3631611724694085;33;0.0008898956395113664;0.027527294183030515;0.007512520868113524;0.12774221064721414
4412332;6.0;2014-05-02 06:55:52;103644248.0;1399013752;0.3633962624031416;2;5.3933069061294925e-05;0.00166724158199305;0.0016680567139282735;0.1218404585104601
524705;1.0;2014-05-06 00:17:17;103322563.0;1399335437;0.3622683741804285;6;0.0001617992071838848;0.005017297141574005;0.0;0.12163279071886782
4442850;1.0;2014-05-08 18:51:01;103082939.0;1399575061;0.3614282072858596;30;0.000808996035919424;0.02514480111980509;0.01173512154233026;0.12780289867648315
4460891;184.0;2014-05-12 23:04:56;102722104.0;1399935896;0.360163051786403;1;2.6966534530647462e-05;0.000841104267101071;0.0008417508417508418;0.1204117139840549
4467741;1.0;2014-05-14 06:24:46;102609314.0;1400048686;0.3597675887942218;422;0.011379877571933232;0.35533616373266075;0.12636899747262004;0.2135824423146557
4475765;1.0;2014-05-15 17:04:40;102484520.0;1400173480;0.3593300375162161;51;0.0013752932610630213;0.04299576170137695;0.03456998313659359;0.135928958555049
4476834;26.0;2014-05-15 20:37:02;102471778.0;1400186222;0.3592853616633358;1;2.6966534530647462e-05;0.0008431589817832574;0.0008431703204047218;0.12011984793180965
4496140;1.0;2014-05-20 13:21:00;102065940.0;1400592060;0.3578624171662985;17;0.00045843108702100686;0.014390696837750185;0.004233700254022015;0.1228589546969853
4512166;1.0;2014-05-23 11:24:12;101813748.0;1400844252;0.3569781844956348;4;0.00010786613812258985;0.003394433529742957;0.001697792869269949;0.12000988183868357
4525863;1.0;2014-05-27 01:20:06;101504394.0;1401153606;0.3558935310823604;1;2.6966534530647462e-05;0.0008511946783308711;0.0008517887563884157;0.11899273162990504
4532542;1.0;2014-05-28 11:28:30;101381490.0;1401276510;0.3554626065004733;12;0.0003235984143677696;0.010226718901053831;0.0034100596760443308;0.12112540317293644
4568695;1.0;2014-06-05 02:21:28;100723112.0;1401934888;0.3531542091792013;5;0.00013483267265323732;0.004288985828793694;0.0017167381974248926;0.11889579341538559
4563703;1.0;2014-06-04 05:57:31;100796549.0;1401861451;0.3534116931383893;1;2.6966534530647462e-05;0.0008571722033856536;0.0008576329331046312;0.11816790961360288
4576391;1.0;2014-06-06 14:45:38;100592062.0;1402065938;0.35269472318642403;1;2.6966534530647462e-05;0.0008589146924933303;0.000859106529209622;0.11792957844349197
4574438;1.0;2014-06-06 03:33:08;100632412.0;1402025588;0.35283619788927456;1;2.6966534530647462e-05;0.0008585702984044544;0.000859106529209622;0.11797667927876067
4598097;6.0;2014-06-11 14:30:55;100160945.0;1402497055;0.35118314575225273;24;0.0006471968287355392;0.020702680071558836;0.005176876617773943;0.12196751362430475
4608141;139.0;2014-06-13 12:47:31;99994349.0;1402663651;0.3505990287858069;9;0.00024269881077582719;0.007776439446593127;0.000864304235090752;0.11843916693116781
4634231;11.0;2014-06-19 13:48:41;99472279.0;1403185721;0.34876855299603804;35;0.0009438287085726613;0.030400429450299405;0.007819287576020852;0.12351370164487763
4649104;16.0;2014-06-23 11:09:26;99136234.0;1403521766;0.3475903159075769;1;2.6966534530647462e-05;0.0008715279622181331;0.0008718395815170009;0.11623339482524056
4662418;1.0;2014-06-25 21:47:03;98925177.0;1403732823;0.3468503102976754;2;5.3933069061294925e-05;0.0017467747366274615;0.0008741258741258741;0.11613991395779316
4683058;1.0;2014-06-30 21:29:32;98494228.0;1404163772;0.3453393219031591;1;2.6966534530647462e-05;0.0008772087639490915;0.000877963125548727;0.11548554117673104
4283058;1.0;2014-07-03 12:46:32;98266408.0;1404391592;0.3445405420567301;4;0.00010786613812258985;0.0035169699089845643;0.0008795074758135446;0.11567985240722484
4707343;13.0;2014-07-06 10:08:16;98016704.0;1404641296;0.34366503278286176;23;0.0006202302942048918;0.020274095321548457;0.01058201058201058;0.1207345870335992
4719730;1.0;2014-07-09 00:06:21;97793619.0;1404864381;0.34288285473861363;1;2.6966534530647462e-05;0.0008834932266899746;0.0008841732979664014;0.11466931874211048
4724239;1.0;2014-07-09 20:33:30;97719990.0;1404938010;0.3426246975912485;1;2.6966534530647462e-05;0.0008841589116003797;0.0008841732979664014;0.1145833773071405
4691059;10.0;2014-07-09 20:50:10;97718990.0;1404939010;0.342621191402826;1;2.6966534530647462e-05;0.0008841679595746947;0.0008841732979664014;0.11458221008566204
4759637;1.0;2014-07-17 06:41:07;97078733.0;1405579267;0.34037632972195925;16;0.0004314645524903594;0.014239988072361844;0.006233303650934996;0.11749829997023639
4772254;11.0;2014-07-19 23:51:36;96844104.0;1405813896;0.3395536762385611;4;0.00010786613812258985;0.0035686219989190045;0.0017857142857142854;0.11425272418529941
4781560;11.0;2014-07-22 08:33:39;96639981.0;1406018019;0.3388379825391817;1;2.6966534530647462e-05;0.0008940399108729129;0.0008944543828264757;0.11332535606087867
4795770;1.0;2014-07-24 19:52:44;96426436.0;1406231564;0.3380892535324848;3;8.08996035919424e-05;0.002688059527576027;0.0026881720430107533;0.11383669567707495
2482891;1.0;2014-07-25 17:22:28;96349052.0;1406308948;0.33781793064759297;5;0.00013483267265323732;0.004483697462845821;0.0017937219730941704;0.11383539845444215
4814214;11.0;2014-07-29 11:28:41;96024679.0;1406633321;0.33668061779040004;12;0.0003235984143677696;0.010797224326050596;0.0063006300630063005;0.11568246710381863
4823824;1.0;2014-07-31 05:12:04;95874476.0;1406783524;0.3361539777707654;1;2.6966534530647462e-05;0.0009011783282132358;0.0009017132551848512;0.11243369225905288
4826576;1.0;2014-07-31 17:47:16;95829164.0;1406828836;0.3359951053609621;5;0.00013483267265323732;0.004508022213362938;0.0009017132551848512;0.11300884197117404
4843503;1.0;2014-08-04 22:57:15;95464965.0;1407193035;0.33471815504365204;1;2.6966534530647462e-05;0.000905044065118549;0.0009057971014492754;0.11195674993439876
4859182;3.0;2014-08-07 20:55:48;95213052.0;1407444948;0.3338349005995582;173;0.004665210473802012;0.1569868803281298;0.04900181488203267;0.1508595365934997
4861336;1.0;2014-08-08 08:38:06;95170914.0;1407487086;0.33368715683180816;1;2.6966534530647462e-05;0.0009078403933369813;0.0009082652134423252;0.11161416694648546
4878682;3.0;2014-08-12 14:59:09;94802451.0;1407855549;0.3323952561270643;22;0.0005932637596742442;0.02005011452710226;0.009115770282588878;0.11656736297410424
4889826;11.0;2014-08-14 16:06:44;94625596.0;1408032404;0.3317751691735914;5;0.00013483267265323732;0.004565360941029106;0.00182648401826484;0.11184294572076484
4914617;6.0;2014-08-20 09:48:13;94129907.0;1408528093;0.3300371901405982;7;0.00018876574171453227;0.006425163046214421;0.005509641873278237;0.11250785912498333
4902211;1.0;2014-08-17 17:49:09;94360251.0;1408297749;0.3308448196066057;1;2.6966534530647462e-05;0.0009156397856550848;0.0009157509157509159;0.11066989252904816
4805191;139.0;2014-08-23 06:55:39;93881061.0;1408776939;0.32916468917639635;1;2.6966534530647462e-05;0.0009203134165686516;0.0009208103130755065;0.11011189284012843
4935450;1.0;2014-08-25 03:19:05;93721255.0;1408936745;0.32860437922933977;10;0.00026966534530647464;0.009218826615157895;0.003690036900369004;0.11206118974039178
4969859;1.0;2014-09-01 21:42:30;93050250.0;1409607750;0.32625170926685604;1;2.6966534530647462e-05;0.0009285305520404296;0.0009293680297397768;0.10914440848869303
4972145;1.0;2014-09-02 12:09:02;92998258.0;1409659742;0.32606941551839;87;0.002346088504166329;0.08082732044292701;0.01486988847583643;0.12646501949161854
4976780;71.0;2014-09-03 10:33:34;92917586.0;1409740414;0.32578656428596475;48;0.0012943936574710785;0.04463310099338999;0.008372093023255816;0.11845099326440164
4992102;1.0;2014-09-06 10:45:37;92657663.0;1410000337;0.3248752252726061;4;0.00010786613812258985;0.003729858802935705;0.0009328358208955225;0.1091735603811125
4995372;11.0;2014-09-07 12:08:03;92566317.0;1410091683;0.3245549489849585;1;2.6966534530647462e-05;0.0009333848725989603;0.0009337068160597573;0.10858071547806694
5026586;1.0;2014-09-13 22:58:12;92008908.0;1410649092;0.3226005680025245;2;5.3933069061294925e-05;0.0018780790225224715;0.0009398496240601504;0.10809498151120894
5038860;1.0;2014-09-16 18:56:05;91764235.0;1410893765;0.32174269836261;1;2.6966534530647462e-05;0.000941543292983372;0.0009416195856873825;0.10764663653308841
5043097;1.0;2014-09-17 14:10:53;91694947.0;1410963053;0.32149976157918725;14;0.0003775314834290645;0.013191566597448384;0.00471253534401508;0.11063769833283152
5054966;1.0;2014-09-19 17:01:18;91511922.0;1411146078;0.3208580414431472;4;0.00010786613812258985;0.00377655711350921;0.0037771482530689327;0.10855336026443181
5045327;1.0;2014-09-17 21:39:17;91668043.0;1410989957;0.32140543108586656;7;0.00018876574171453227;0.006597719120064557;0.0018867924528301887;0.10875365309726914
5073729;1.0;2014-09-23 22:24:23;91146937.0;1411511063;0.31957833526173696;2;5.3933069061294925e-05;0.0018958399007966665;0.00189753320683112;0.10732995163968487
5091516;1.0;2014-09-26 22:34:41;90887119.0;1411770881;0.31866736439816273;1;2.6966534530647462e-05;0.0009506297586569996;0.0009514747859181732;0.10662550342260929
5090976;1.0;2014-09-26 20:18:55;90895265.0;1411762735;0.318695925809053;7;0.00018876574171453227;0.006653811944989654;0.0038022813688212928;0.10833870570481656
5108034;1.0;2014-09-30 19:06:07;90554033.0;1412103967;0.31749950212124395;3;8.08996035919424e-05;0.0028623794149510713;0.0028625954198473282;0.10704610436543298
5121204;1.0;2014-10-03 07:56:01;90335039.0;1412322961;0.3167316678938326;1;2.6966534530647462e-05;0.0009564395051625537;0.0009569377990430623;0.10598260529886473
5127184;1.0;2014-10-04 19:34:20;90206740.0;1412451260;0.31628182742540584;1;2.6966534530647462e-05;0.000957799827374318;0.0009578544061302679;0.10583311434819623
5137842;1.0;2014-10-07 11:14:23;89977537.0;1412680463;0.3154781985203885;4;0.00010786613812258985;0.003840958660604368;0.002881844380403458;0.10654698691319506
5132554;1.0;2014-10-06 10:13:33;90067587.0;1412590413;0.3157939307878405;5;0.00013483267265323732;0.00479639806493317;0.003838771593090211;0.10705744433987156
5151155;11.0;2014-10-09 18:21:02;89779138.0;1412878862;0.31478257424353984;2;5.3933069061294925e-05;0.0019247233137836546;0.0019249278152069296;0.10574302718787762
5158751;1.0;2014-10-11 04:09:10;89657450.0;1413000550;0.31435591318677464;1;2.6966534530647462e-05;0.0009636678268230916;0.0009643201542912248;0.10519373737226752
5172028;14.0;2014-10-14 10:46:31;89374409.0;1413283591;0.3133635181094632;23;0.0006202302942048918;0.022234552622328388;0.010638297872340424;0.11097489684851214
5194938;4.0;2014-10-18 16:45:42;89007258.0;1413650742;0.3120762175239297;3;8.08996035919424e-05;0.002912122065371343;0.002912621359223301;0.10525913975957561
5201013;1.0;2014-10-20 07:01:17;88869523.0;1413788477;0.3115932926615476;9;0.00024269881077582719;0.00874990630927545;0.0038910505836575885;0.10635618595400347
5204175;1.0;2014-10-20 19:53:36;88823184.0;1413834816;0.31143081939623435;22;0.0005932637596742442;0.021399818317704083;0.010700389105058366;0.11020032273454529
5228575;8.0;2014-10-25 06:58:55;88437665.0;1414220335;0.3100791171417552;17;0.00045843108702100686;0.016608308236089227;0.0039100684261974585;0.10721988196490453
5238969;1.0;2014-10-27 19:27:55;88219925.0;1414438075;0.3093156796746257;1;2.6966534530647462e-05;0.0009793705900339408;0.0009794319294809011;0.10352005460588379
5254551;84.0;2014-10-30 12:54:32;87984328.0;1414673672;0.3084896322008345;1;2.6966534530647462e-05;0.000981993065856001;0.0009823182711198428;0.10324586411266679
5259086;1.0;2014-10-31 07:30:29;87917371.0;1414740629;0.3082548683426247;4;0.00010786613812258985;0.003930963768240978;0.0019665683382497547;0.10392539202800816
2618653;1.0;2014-10-31 17:10:10;87882590.0;1414775410;0.30813291960309946;2234;0.06024323814146644;1.0;0.4434611602753196;0.39530373947189634
5279887;11.0;2014-11-04 21:20:37;87521963.0;1415136037;0.30686849339083483;3;8.08996035919424e-05;0.002961542350232707;0.0029644268774703555;0.10354441980891596
5289553;1.0;2014-11-06 13:51:41;87376099.0;1415281901;0.3063570667227657;22;0.0005932637596742442;0.021754232813712592;0.008902077151335312;0.10811856293762637
5330055;1.0;2014-11-14 06:40:11;86710789.0;1415947211;0.3040243645033484;14;0.0003775314834290645;0.013949821169312622;0.0039880358923230315;0.10475781687327293
5356065;1.0;2014-11-19 09:40:44;86267956.0;1416390044;0.30247170856561834;2;5.3933069061294925e-05;0.0020030612525466576;0.002004008016032064;0.10167223166857056
5367149;21.0;2014-11-21 04:10:48;86114952.0;1416543048;0.30193524771221203;11;0.00029663187983712216;0.011036410959156084;0.002008032128514056;0.10306065039935117
4367756;1.0;2014-11-21 17:37:52;86066528.0;1416591472;0.3017654640440377;1;2.6966534530647462e-05;0.0010038745840891827;0.001004016064257028;0.1010135460950577
5384368;1.0;2014-11-24 21:31:02;85793338.0;1416864662;0.300807608428877;1;2.6966534530647462e-05;0.0010070712017289734;0.0010080645161290322;0.10069580577257875
5402084;16.0;2014-11-29 11:14:12;85398348.0;1417259652;0.2994226990638477;29;0.0007820295013887765;0.029340146017812894;0.013157894736842105;0.10818257175047577
5406414;21.0;2014-11-28 22:26:14;85444426.0;1417213574;0.2995842572139827;1;2.6966534530647462e-05;0.0010111835732854008;0.0010121457489878543;0.10028972773775476
5264442;11.0;2014-12-01 18:39:15;85198845.0;1417459155;0.2987232039549805;16;0.0004314645524903594;0.016225572072015762;0.005070993914807302;0.10365427794715387
5439065;1.0;2014-12-05 10:03:02;84884218.0;1417773782;0.29762006241015393;2;5.3933069061294925e-05;0.002035714106478545;0.0010183299389002038;0.09981403890645478
5463388;1.0;2014-12-10 11:44:24;84446136.0;1418211864;0.29608406437361945;1;2.6966534530647462e-05;0.0010231373996792462;0.001023541453428864;0.09912783802147623
5478361;1.0;2014-12-13 00:46:58;84226382.0;1418431618;0.2953135654430069;39;0.0010516948466952512;0.040006467332290255;0.012320328542094456;0.1084486055502481
5483588;1.0;2014-12-14 13:36:42;84093798.0;1418564202;0.29484870095718946;3;8.08996035919424e-05;0.0030822724881566176;0.003083247687564234;0.09958764922321163
5490738;1.0;2014-12-16 01:04:59;83966101.0;1418691899;0.29440097121419306;1;2.6966534530647462e-05;0.0010289866859484163;0.0010298661174047373;0.09856936301537295
5507746;1.0;2014-12-18 19:50:14;83725786.0;1418932214;0.2935583815434241;12;0.0003235984143677696;0.012383281776536562;0.006191950464396285;0.10154556136358847
5526219;1.0;2014-12-23 09:45:08;83330092.0;1419327908;0.2921710038217454;1;2.6966534530647462e-05;0.0010368403289414344;0.001037344398340249;0.09782921906195642
5525385;200.0;2014-12-23 04:05:19;83350481.0;1419307519;0.2922424914974931;1;2.6966534530647462e-05;0.0010365866994816743;0.001037344398340249;0.09785300601562903
5539503;1.0;2014-12-26 23:09:16;83022644.0;1419635356;0.2910930332036044;1;2.6966534530647462e-05;0.0010406799378733348;0.0010416666666666669;0.0974716160244797
5551675;1.0;2014-12-30 09:57:27;82724553.0;1419933447;0.2900478699905333;6;0.0001617992071838848;0.006266579645344232;0.0010449320794148381;0.09802873609271816
5547774;81.0;2014-12-29 13:55:10;82796690.0;1419861310;0.2903007959047719;9;0.00024269881077582719;0.009391679788165444;0.005219206680584551;0.09969768830579165
5576918;41.0;2015-01-05 15:44:08;82185352.0;1420472648;0.2881573296868974;25;0.0006741633632661866;0.026282055712312336;0.004206098843322818;0.10165285139933176
5599187;1.0;2015-01-09 10:34:35;81858325.0;1420799675;0.2870107114056309;23;0.0006202302942048918;0.024276089206565123;0.004223864836325236;0.10092727578560368
5615596;67.0;2015-01-13 00:46:23;81548017.0;1421109983;0.2859227130886014;2;5.3933069061294925e-05;0.0021189969585649147;0.0021208907741251328;0.09620444315009123
5627044;1.0;2015-01-14 23:50:38;81378562.0;1421279438;0.2853285719294555;3;8.08996035919424e-05;0.003185114035315591;0.003188097768331562;0.09645762565868529
5638320;1.0;2015-01-16 23:23:06;81207414.0;1421450586;0.2847284947933102;1;2.6966534530647462e-05;0.0010639422651729804;0.0010649627263045792;0.09535980429050771
5636885;1.0;2015-01-16 18:01:04;81226736.0;1421431264;0.284796241366011;1;2.6966534530647462e-05;0.0010636891774156727;0.0010638297872340426;0.09538206106534745
5705224;8.0;2015-01-29 23:09:26;80085034.0;1422572966;0.2807932190315908;1;2.6966534530647462e-05;0.0010788532598987222;0.0010799136069114474;0.09405426858920725
5695963;1.0;2015-01-28 13:32:12;80206068.0;1422451932;0.2812175870411276;6;0.0001617992071838848;0.00646335137635721;0.0021551724137931034;0.09539566381501298
5708119;26.0;2015-01-30 13:04:34;80034926.0;1422623074;0.28061753094211284;11;0.00029663187983712216;0.011874815752312936;0.006479481641468682;0.09721234131974955
5757711;1.0;2015-02-09 09:00:17;79185583.0;1423472417;0.2776395743487255;5;0.00013483267265323732;0.005455538541655998;0.002183406113537118;0.09403534090306542
5769417;1.0;2015-02-11 07:40:11;79017589.0;1423640411;0.27705055573086496;1;2.6966534530647462e-05;0.001093427439300888;0.0010940919037199122;0.09281268775973443
5786918;1.0;2015-02-14 08:06:56;78756784.0;1423901216;0.2761361242593177;2;5.3933069061294925e-05;0.002194096701561608;0.0021953896816684962;0.09297338822438196
5795131;65.0;2015-02-16 12:11:21;78569319.0;1424088681;0.2754788366466814;12;0.0003235984143677696;0.013195990663989335;0.0033003300330033004;0.09493159277140144
5806888;1.0;2015-02-18 14:02:35;78389845.0;1424268155;0.2748495669857298;17;0.00045843108702100686;0.01873712086048901;0.0033076074972436605;0.09568088545139093
5813729;1.0;2015-02-19 16:24:08;78294952.0;1424363048;0.2745168542477473;1;2.6966534530647462e-05;0.0011035194197449665;0.0011037527593818985;0.0919722178093514
5835746;1.0;2015-02-24 00:58:28;77918492.0;1424739508;0.2731969145541881;2;5.3933069061294925e-05;0.0022177020571702032;0.002219755826859045;0.09200367741823783
5828418;1.0;2015-02-22 17:33:40;78031580.0;1424626420;0.2735934223905193;6;0.0001617992071838848;0.006643464094921569;0.0011074197120708748;0.09262235620914039
5843624;1.0;2015-02-25 09:37:05;77800975.0;1424857025;0.2727848778093335;1;2.6966534530647462e-05;0.001110525928498968;0.0011111111111111113;0.09139789966927145
5858099;1.0;2015-02-27 16:30:40;77603360.0;1425054640;0.2720920023842081;11;0.00029663187983712216;0.012246892402597;0.005567928730512249;0.09420462301442288
5867302;26.0;2015-03-01 20:47:34;77415146.0;1425242854;0.2714320886364433;4;0.00010786613812258985;0.004464242694833902;0.0011160714285714283;0.09152738771962692
5877887;1.0;2015-03-03 17:49:01;77253059.0;1425404941;0.2708637810735949;1;2.6966534530647462e-05;0.0011184023146578572;0.0011185682326621924;0.09076071110210615
953137;1.0;2015-03-09 00:04:21;76798539.0;1425859461;0.26927014831177026;2;5.3933069061294925e-05;0.0022500428035486454;0.0;0.09014520650511353
5910488;1.0;2015-03-09 20:51:17;76723723.0;1425934277;0.2690078293187476;4;0.00010786613812258985;0.004504473798801448;0.001126126126126126;0.09072852013877829
5917924;1.0;2015-03-11 01:48:19;76619501.0;1426038499;0.2686424073489709;29;0.0007820295013887765;0.03270185745532329;0.009029345372460496;0.09745062241067315
5934292;1.0;2015-03-13 18:01:40;76388300.0;1426269700;0.2678317730794853;1;2.6966534530647462e-05;0.0011310632649240784;0.0011312217194570135;0.0897553153008127
5837601;1.0;2015-03-16 04:36:16;76177424.0;1426480576;0.2670924020896883;1;2.6966534530647462e-05;0.0011341942988253315;0.0011350737797956867;0.08951034315828191
5963623;57.0;2015-03-19 05:39:34;75914426.0;1426743574;0.26617028154693034;1;2.6966534530647462e-05;0.0011381236024889394;0.0011389521640091116;0.08920459412402655
6008376;1.0;2015-03-27 09:42:48;75208632.0;1427449368;0.2636956347954139;6;0.0001617992071838848;0.0068928258128668;0.004597701149425286;0.0902372243231014
6013236;11.0;2015-03-28 06:31:29;75133711.0;1427524289;0.26343294765260683;15;0.000404498017959712;0.017249247811012555;0.010356731875719215;0.09337616465945744
6014347;1.0;2015-03-28 14:16:29;75105811.0;1427552189;0.2633351249956173;8;0.0002157322762451797;0.009203016261950756;0.0069044879171461454;0.09109226609054538
6066159;1.0;2015-04-01 05:38:29;74791291.0;1427866709;0.26223235861295185;2;5.3933069061294925e-05;0.0023104294322182518;0.0011560693641618498;0.08809835838465946
6067275;1.0;2015-04-01 10:48:15;74772705.0;1427885295;0.26216719259493004;1;2.6966534530647462e-05;0.0011555018639488835;0.0011560693641618498;0.08787740681697462
6078867;1.0;2015-04-03 09:31:58;74604482.0;1428053518;0.26157737105992074;5;0.00013483267265323732;0.005790536820562604;0.003476245654692932;0.0890603160719039
6103089;14.0;2015-04-08 04:51:22;74189318.0;1428468682;0.26012172784965465;6;0.0001617992071838848;0.0069875288515254975;0.0011655011655011655;0.08820365585164373
6147381;879.0;2015-04-15 19:27:45;73531935.0;1429126065;0.25781681918586297;1;2.6966534530647462e-05;0.0011749996787110257;0.0011750881316098707;0.0864352866749413
6155909;1.0;2015-04-17 02:35:57;73419843.0;1429238157;0.2574238035132008;5;0.00013483267265323732;0.005883967907694927;0.005889281507656065;0.08829462436742676
5742919;8.0;2015-04-17 23:47:59;73343521.0;1429314479;0.2571562042004137;2;5.3933069061294925e-05;0.002356036329371207;0.0011792452830188679;0.08641970204305315
6157546;1.0;2015-04-17 11:05:22;73389278.0;1429268722;0.2573166368640651;2;5.3933069061294925e-05;0.002354567379719964;0.001177856301531213;0.08647258752728981
6208536;1.0;2015-04-27 01:38:11;72559309.0;1430098691;0.2544066091651765;1;2.6966534530647462e-05;0.0011907500387028215;0.0011918951132300355;0.0853053768067828
6213974;1.0;2015-04-27 23:34:27;72480333.0;1430177667;0.25412970442831595;52;0.0014022597955936685;0.061986470178055066;0.014319809069212413;0.09897149705531601
6256906;1.0;2015-05-05 09:39:39;71839221.0;1430818779;0.251881844956348;1;2.6966534530647462e-05;0.001202685647162015;0.001203369434416366;0.08446864658554643
6289072;1.0;2015-05-11 15:34:19;71299541.0;1431358459;0.2499896251884577;3;8.08996035919424e-05;0.0036353670215071928;0.002424242424242424;0.08456205507336235
6294201;1.0;2015-05-12 13:15:01;71221499.0;1431436501;0.2497159952315837;11;0.00029663187983712216;0.013344285269817194;0.0036407766990291268;0.08644706476688066
6318984;1.0;2015-05-17 01:01:27;70833513.0;1431824487;0.2483556432102661;2;5.3933069061294925e-05;0.002439523223985799;0.001221001221001221;0.0835105351799353
6321307;1.0;2015-05-17 18:41:24;70769916.0;1431888084;0.2481326601451562;2;5.3933069061294925e-05;0.002441715488259164;0.002442002442002442;0.08374182317419454
6325648;1.0;2015-05-18 16:08:41;70692679.0;1431965321;0.2478618526699625;2;5.3933069061294925e-05;0.0024443832437019398;0.002444987775061125;0.08365274497496843
6322988;1.0;2015-05-18 04:36:21;70734219.0;1431923781;0.2480074997370359;2;5.3933069061294925e-05;0.002442947733684597;0.002444987775061125;0.08370105474565667
6355395;1.0;2015-05-24 00:35:04;70230296.0;1432427704;0.24624065074857124;15;0.000404498017959712;0.018453574508642254;0.0049261083743842365;0.08648846426571677
6379838;1.0;2015-05-28 17:46:18;69822822.0;1432835178;0.24481197012727465;10;0.00026966534530647464;0.012374177600555876;0.0024752475247524753;0.0843525811933656
6383975;8.0;2015-05-29 11:58:53;69757267.0;1432900733;0.2445821219452333;17;0.00045843108702100686;0.021055870781176104;0.008674101610904586;0.08731981895308852
6407436;1.0;2015-06-03 09:06:35;69335605.0;1433322395;0.2431036955225974;1;2.6966534530647462e-05;0.0012461130179797235;0.0012468827930174565;0.08156071300908277
6403025;1.0;2015-06-02 14:52:30;69401250.0;1433256750;0.2433338592615968;4;0.00010786613812258985;0.004979737396660723;0.003735990037359901;0.08290220669717968
6417070;1.0;2015-06-04 20:58:03;69206517.0;1433451483;0.2426510886715052;4;0.00010786613812258985;0.00499374936033842;0.0024968789013732834;0.08236717404376544
6434357;11.0;2015-06-08 16:05:24;68878476.0;1433779524;0.2415009151151783;6;0.0001617992071838848;0.0075262989268229455;0.0037641154328732743;0.08273616685287755
6442920;1.0;2015-06-10 00:08:49;68763071.0;1433894929;0.2410962834402721;1;2.6966534530647462e-05;0.0012564883845865465;0.0012578616352201255;0.08089604958662615
6463101;1.0;2015-06-13 15:32:28;68448452.0;1434209548;0.23999316994495284;42;0.0011325944502871936;0.053015077682107406;0.015151515151515154;0.0929045969957861
6454150;6.0;2015-06-11 19:38:32;68606488.0;1434051512;0.24054727393850145;1;2.6966534530647462e-05;0.001259356112209096;0.0012594458438287153;0.08071392042612517
6479582;1.0;2015-06-16 23:44:58;68159702.0;1434498298;0.2389807580379369;3;8.08996035919424e-05;0.003802833527646585;0.0012690355329949238;0.0806315420514001
6493348;1.0;2015-06-19 06:57:23;67960957.0;1434697043;0.2382839206198941;1;2.6966534530647462e-05;0.0012713181775824613;0.001272264631043257;0.07996466769428859
6498550;1.0;2015-06-20 05:52:02;67878478.0;1434779522;0.2379947337049893;1;2.6966534530647462e-05;0.0012728629537038234;0.0012738853503184713;0.0798689346984927
6527153;1.0;2015-06-25 18:10:25;67402175.0;1435255825;0.236324725640756;1;2.6966534530647462e-05;0.001281857744204842;0.001282051282051282;0.07931580595843163
6552873;1.0;2015-06-30 21:23:42;66958578.0;1435699422;0.23476939097507105;4;0.00010786613812258985;0.005161399932955566;0.00516795865633075;0.08043565317912961
6587423;1.0;2015-07-07 16:46:15;66370425.0;1436287575;0.2327072157357737;1;2.6966534530647462e-05;0.0013017846427832876;0.0013020833333333333;0.07811829848602111
6596686;1.0;2015-07-09 02:59:12;66247248.0;1436410752;0.23227533396444724;2;5.3933069061294925e-05;0.002608410239169482;0.0026109660574412533;0.07852607114296964
6593327;1.0;2015-07-08 15:28:42;66288678.0;1436369322;0.2324205953507941;5;0.00013483267265323732;0.0065169499986106215;0.003911342894393742;0.07957123400846156
6646768;1.0;2015-07-18 18:08:50;65415070.0;1437242930;0.2293575610953333;1;2.6966534530647462e-05;0.0013207965687417288;0.001321003963011889;0.07700964575095369
6659932;1.0;2015-07-21 16:27:36;65161944.0;1437496056;0.2284700536446829;2;5.3933069061294925e-05;0.002651854585553801;0.001326259946949602;0.07694370856648934
6661048;1.0;2015-07-21 19:42:38;65150242.0;1437507758;0.228429024227762;2;5.3933069061294925e-05;0.0026523309000141553;0.001326259946949602;0.07693011147992576
6664337;1.0;2015-07-22 10:39:27;65096433.0;1437561567;0.2282403597349321;1;2.6966534530647462e-05;0.0013272616642451055;0.0013280212483399733;0.07664007713473586
6696622;1.0;2015-07-28 13:34:55;64567505.0;1438090495;0.22638583850496125;1;2.6966534530647462e-05;0.0013381344067731904;0.0013386880856760374;0.07602638222450096
6710362;1.0;2015-07-30 16:57:20;64382560.0;1438275440;0.22573738648714986;1;2.6966534530647462e-05;0.0013419783245649133;0.0013422818791946306;0.0758117706532421
6732057;1.0;2015-08-04 07:45:52;63983648.0;1438674352;0.22433872585112724;19;0.0005123641560823019;0.02565655524986634;0.014864864864864866;0.08289997508059027
6745757;1.0;2015-08-06 12:10:51;63794949.0;1438863051;0.22367711160197748;1;2.6966534530647462e-05;0.0013543391969793722;0.0013550135501355016;0.07513025542132226
6749602;1.0;2015-08-07 01:47:44;63745936.0;1438912064;0.22350526278882227;7;0.00018876574171453227;0.009487663652785644;0.004070556309362279;0.07714786205117423
6769803;1.0;2015-08-11 07:17:14;63380566.0;1439277434;0.2222242067248694;4;0.00010786613812258985;0.005452775540060655;0.002728512960436562;0.0756926262729397
6802939;1.0;2015-08-17 17:31:17;62825323.0;1439832677;0.22027742014655868;5;0.00013483267265323732;0.006876208181213808;0.001375515818431912;0.07494942853515982
6816261;26.0;2015-08-19 22:15:53;62635447.0;1440022553;0.2196116791136356;1;2.6966534530647462e-05;0.0013794106075430419;0.0013812154696132596;0.07378584030683837
6838886;1.0;2015-08-24 13:31:31;62234909.0;1440423091;0.21820731741523788;3;8.08996035919424e-05;0.0041648650920337975;0.0041666666666666675;0.07449180822131624
6850771;1.0;2015-08-26 13:22:02;62062678.0;1440595322;0.21760344307703092;2418;0.06520508049510558;1.0;0.43036211699164345;0.3630929470640309
6856705;1.0;2015-08-27 12:03:51;61980969.0;1440677031;0.2173169559272116;13;0.00035056494889841713;0.01812169151469704;0.006973500697350071;0.07729028363974882
6888741;51.0;2015-09-02 17:31:45;61442895.0;1441215105;0.21543036709792784;2;5.3933069061294925e-05;0.0028123674836610484;0.0014064697609001409;0.07264395098740982
6922759;41.0;2015-09-09 01:35:31;60895469.0;1441762531;0.21351098839451632;1;2.6966534530647462e-05;0.0014188247733176993;0.0014204545454545455;0.07176865553038801
6941729;1.0;2015-09-12 10:10:10;60605390.0;1442052610;0.21249391676308685;2;5.3933069061294925e-05;0.0028512315488770893;0.0014265335235378034;0.07167662749399156
7000940;31.0;2015-09-23 12:14:58;59647502.0;1443010498;0.2091353809473721;1;2.6966534530647462e-05;0.0014485099476588307;0.0014492753623188404;0.07032227244794621
6095100;1.0;2015-09-26 14:20:58;59380742.0;1443277258;0.20820007012376845;10;0.00026966534530647464;0.01455017183853984;0.010189228529839884;0.07443977548313273
7036993;1.0;2015-09-30 01:11:20;59082520.0;1443575480;0.20715444760001409;2;5.3933069061294925e-05;0.00292472291296986;0.002928257686676428;0.07028448404110077
7062042;1.0;2015-10-04 17:10:38;58679362.0;1443978638;0.20574089968794929;2;5.3933069061294925e-05;0.0029448172936849585;0.0014727540500736375;0.06945277455804766
7105793;1.0;2015-10-12 09:31:03;58015737.0;1444642263;0.20341410539602398;14;0.0003775314834290645;0.020849515365115503;0.010432190760059612;0.07398205158706608
7127553;6.0;2015-10-15 17:07:35;57729145.0;1444928855;0.202409259843624;2;5.3933069061294925e-05;0.002993288745225657;0.0014970059880239524;0.06835636950301693
7143214;1.0;2015-10-18 19:26:05;57461635.0;1445196365;0.2014713193787034;4;0.00010786613812258985;0.006014447726731062;0.003007518796992481;0.06893836064780175
7152924;212.0;2015-10-20 12:12:26;57314854.0;1445343146;0.2009566775358508;1;2.6966534530647462e-05;0.001507462620422971;0.0015082956259426848;0.06762061848880577
7188969;1.0;2015-10-26 19:09:37;56771423.0;1445886577;0.1990513060551874;1;2.6966534530647462e-05;0.0015218924493049966;0.0015220700152207;0.0669913432307178
7200160;1.0;2015-10-28 13:03:12;56620608.0;1446037392;0.19852252024823813;1;2.6966534530647462e-05;0.0015259461714010561;0.0015267175572519086;0.0668169188009252
7170075;6.0;2015-10-29 18:43:45;56513775.0;1446144225;0.19814794362049007;17;0.00045843108702100686;0.0259901236468454;0.00764525993883792;0.07240692457110232
7217053;1.0;2015-10-31 04:55:32;56390668.0;1446267332;0.1977163072823533;4;0.00010786613812258985;0.006128673630892261;0.003067484662576687;0.06772071906610795
7220369;1.0;2015-10-31 23:18:31;56324489.0;1446333511;0.1974842712387364;6;0.0001617992071838848;0.009203811862367716;0.007680491551459293;0.06932263174630089
7247362;1.0;2015-11-05 13:47:16;55926764.0;1446731236;0.19608977244837136;2;5.3933069061294925e-05;0.0030897550231942608;0.0030911901081916537;0.06666449744763607
7242780;21.0;2015-11-04 20:03:18;55990602.0;1446667398;0.1963136005048912;7;0.00018876574171453227;0.010801812775651173;0.007716049382716048;0.06921437274534657
7255640;1.0;2015-11-06 19:52:36;55818444.0;1446839556;0.19570998211843904;86;0.002319121969635682;0.13311729004842915;0.04489164086687306;0.09922556642334507
7266208;6.0;2015-11-09 05:29:18;55611042.0;1447046958;0.19498279162722204;4;0.00010786613812258985;0.006214593137816048;0.0031104199066874032;0.06683460090991253
7287835;1.0;2015-11-12 18:29:17;55305043.0;1447352957;0.19390990147610526;1;2.6966534530647462e-05;0.0015622445135789875;0.0015625;0.06529437454459759
7307049;17.0;2015-11-16 15:50:20;54968980.0;1447689020;0.19273160127625252;3;8.08996035919424e-05;0.004715386750854754;0.0047169811320754715;0.06622923506781014
5678527;1.0;2015-11-20 14:50:02;54626998.0;1448031002;0.19153254794712668;25;0.0006741633632661866;0.03954088782253786;0.022151898734177212;0.07614084614382606
3984770;1.0;2015-11-24 08:40:18;54303582.0;1448354418;0.19039859051225413;5;0.00013483267265323732;0.007955276320446044;0.0;0.06482578439232235
7342641;1.0;2015-11-22 14:39:50;54454810.0;1448203190;0.19092882437502195;2;5.3933069061294925e-05;0.0031732733986217197;0.0015873015873015873;0.06458212902220166
7376959;5.0;2015-11-28 16:00:15;53931585.0;1448726415;0.1890942989376249;1;2.6966534530647462e-05;0.0016020296826062133;0.0016025641025641025;0.06370582058558302
7391842;1.0;2015-12-01 12:52:07;53683673.0;1448974327;0.18822507275340972;14;0.0003775314834290645;0.022531990312957908;0.014492753623188406;0.07021459391328393
4257022;1.0;2015-12-05 06:54:39;53359521.0;1449298479;0.1870885347638582;8;0.0002157322762451797;0.012953639520114885;0.0;0.06457571791036651
7258401;580.0;2015-12-06 11:13:36;53257584.0;1449400416;0.1867311244346271;1;2.6966534530647462e-05;0.0016223041585964545;0.0016233766233766235;0.06292667796078527
7429320;1.0;2015-12-07 19:28:42;53141478.0;1449516522;0.18632403492163668;22;0.0005932637596742442;0.03576867019016671;0.01788617886178862;0.07268931732760572
7463091;6.0;2015-12-13 07:12:22;52667258.0;1449990742;0.1846613302478876;2;5.3933069061294925e-05;0.003280975819929718;0.0016420361247947454;0.0625245983510815
7481084;39.0;2015-12-16 12:10:49;52390151.0;1450267849;0.1836897408926756;2;5.3933069061294925e-05;0.0032983298712004096;0.0016501650165016502;0.06220565979748267
7485343;1.0;2015-12-17 01:56:20;52340620.0;1450317380;0.18351607587391747;2;5.3933069061294925e-05;0.003301451148266872;0.001652892561983471;0.06214897355711149
5517274;1.0;2015-12-21 23:50:36;51916164.0;1450741836;0.18202785316082887;14;0.0003775314834290645;0.02329910199066325;0.01;0.06715351758957744
7515253;1.0;2015-12-23 00:34:29;51827131.0;1450830869;0.18171568668700253;6;0.0001617992071838848;0.01000248306239448;0.00333889816360601;0.06311415041543073
7530515;1.0;2015-12-26 19:25:37;51500063.0;1451157937;0.1805689246520108;2;5.3933069061294925e-05;0.003355335701239822;0.003355704697986577;0.061601273609305535
7543474;1.0;2015-12-29 17:42:08;51247072.0;1451410928;0.17968189053679745;1;2.6966534530647462e-05;0.0016859499797373784;0.0016863406408094436;0.0606032819693904
7555332;1.0;2016-01-01 04:46:57;51034383.0;1451623617;0.17893616282739033;12;0.0003235984143677696;0.020315715387408523;0.001694915254237288;0.06353596859084946
7566930;1.0;2016-01-04 06:59:24;50767236.0;1451890764;0.17799949510886715;2;5.3933069061294925e-05;0.003403770100857963;0.0017035775127768314;0.06033983769855824
6835493;1.0;2016-01-04 21:52:58;50713622.0;1451944378;0.1778115143227797;11;0.00029663187983712216;0.01874052695348796;0.013651877133105802;0.06588105318641028
5158397;3.0;2016-01-13 02:51:11;50004529.0;1452653471;0.17532530065565724;106;0.002858452660248632;0.18315141014526906;0.020761245674740483;0.09487192649317787
7660950;6.0;2016-01-18 19:16:32;49513408.0;1453144592;0.17360333789137827;1;2.6966534530647462e-05;0.0017449818845028805;0.0017452006980802793;0.05860165141936264
5147704;16.0;2016-01-20 13:54:44;49359916.0;1453298084;0.1730651660180218;1;2.6966534530647462e-05;0.0017504081652002811;0.0017513134851138356;0.0584246933717851
7686462;11.0;2016-01-22 04:16:21;49221819.0;1453436181;0.17258097191543073;10;0.00026966534530647464;0.017553191197586582;0.01054481546572935;0.0631561427075003
7695736;1.0;2016-01-23 17:35:20;49087480.0;1453570520;0.17210995406893168;2;5.3933069061294925e-05;0.0035202458956947883;0.0035211267605633804;0.05885045729633252
7716026;1.0;2016-01-27 00:28:29;48803491.0;1453854509;0.17111423512499566;2;5.3933069061294925e-05;0.0035407303137392366;0.0035460992907801413;0.05852820818391545
7734111;6.0;2016-01-29 11:51:30;48589710.0;1454068290;0.17036467865783106;3;8.08996035919424e-05;0.005334462790578499;0.0035587188612099642;0.058587207967240575
7729966;1.0;2016-01-28 20:47:44;48643936.0;1454014064;0.17055480523123312;2;5.3933069061294925e-05;0.003552344119521907;0.003552397868561279;0.05834524183140367
7744065;3.0;2016-01-31 03:11:30;48448110.0;1454209890;0.16986820237719574;2;5.3933069061294925e-05;0.003566702602021008;0.0035714285714285718;0.05812352496952454
7757636;1.0;2016-02-02 10:22:11;48249469.0;1454408531;0.16917172960274884;1;2.6966534530647462e-05;0.0017906932820338395;0.0017921146953405016;0.05714379572205638
7764290;1.0;2016-02-03 07:01:13;48175127.0;1454482873;0.16891107254303847;1;2.6966534530647462e-05;0.0017934566109187426;0.0017953321364452427;0.05705817495057659
7779058;1.0;2016-02-05 04:58:28;48009692.0;1454648308;0.1683310262613513;19;0.0005123641560823019;0.03419309584406415;0.010810810810810813;0.06463998513618441
7772800;1.0;2016-02-04 10:15:41;48077059.0;1454580941;0.16856722765681428;1;2.6966534530647462e-05;0.0017971149191967004;0.0017985611510791368;0.05694497696020666
7800032;3.0;2016-02-08 21:12:34;47692046.0;1454965954;0.16721729953367695;1;2.6966534530647462e-05;0.0018116228437756688;0.0018148820326678765;0.0565014991269879
7815549;1.0;2016-02-10 23:05:04;47512496.0;1455145504;0.16658776340240525;3;8.08996035919424e-05;0.005455406931262883;0.0036429872495446266;0.05736946066929637
7854909;1.0;2016-02-16 23:29:33;46992627.0;1455665373;0.16476500473335434;17;0.00045843108702100686;0.03125596702648694;0.007366482504604052;0.062087224480105535
7908510;1.0;2016-02-24 11:30:19;46344581.0;1456313419;0.16249283335086429;1;2.6966534530647462e-05;0.00186429563361464;0.001865671641791045;0.05494815326663763
7919998;13.0;2016-02-25 18:26:02;46233238.0;1456424762;0.16210244381333053;1;2.6966534530647462e-05;0.0018687853963419128;0.001869158878504673;0.05481964352375932
7927029;4.0;2016-02-26 15:53:48;46155972.0;1456502028;0.16183153465867256;5;0.00013483267265323732;0.009359568898256546;0.003745318352059925;0.05647381079211191
7939878;1.0;2016-02-28 21:48:55;45961865.0;1456696135;0.16115095894253356;11;0.00029663187983712216;0.020678012086759318;0.011299435028248588;0.0600623383889925
7962569;1.0;2016-03-02 23:20:03;45697197.0;1456960803;0.16022298306510993;1;2.6966534530647462e-05;0.0018907067757350632;0.0018939393939393942;0.05420300529977667
7965527;1.0;2016-03-03 10:25:18;45657282.0;1457000718;0.1600830335542232;2;5.3933069061294925e-05;0.0037847193794847455;0.0037878787878787884;0.054952250712223545
7983588;56.0;2016-03-06 04:04:33;45420927.0;1457237073;0.15925432838960765;4;0.00010786613812258985;0.007608827534497478;0.0038095238095238095;0.05533226153919706
8003270;1.0;2016-03-09 05:57:50;45154930.0;1457503070;0.15832169278777042;1;2.6966534530647462e-05;0.00191341233393563;0.0019157088122605363;0.05357846848827721
7663309;1.0;2016-03-11 05:39:10;44983250.0;1457674750;0.15771975035938432;7;0.00018876574171453227;0.013445004529463744;0.0019230769230769234;0.05534204487423659
8014586;1.0;2016-03-10 17:24:43;45027317.0;1457630683;0.15787425756460152;21;0.0005662972251435968;0.04029553881702523;0.015355086372360844;0.06332102155708083
8029029;39.0;2016-03-12 21:31:14;44839726.0;1457818274;0.15721652817222398;9;0.00024269881077582719;0.01734176520168745;0.0019305019305019305;0.055839103776342006
8038465;1.0;2016-03-14 15:45:05;44687695.0;1457970305;0.15668347884015288;4;0.00010786613812258985;0.007733672546771543;0.007736943907156673;0.0554779742158327
8061791;1.0;2016-03-17 15:52:28;44428052.0;1458229948;0.1557731215595526;1;2.6966534530647462e-05;0.00194471727007072;0.0019455252918287934;0.05274161635478585
8054483;6.0;2016-03-16 17:02:37;44510243.0;1458147757;0.1560612986921917;3;8.08996035919424e-05;0.0058233786771283175;0.001941747572815534;0.05349665780435383
8071561;1.0;2016-03-18 21:48:24;44320296.0;1458337704;0.1553953087198906;1;2.6966534530647462e-05;0.0019494454639923887;0.001953125;0.05261836670092826
8089604;1.0;2016-03-22 02:06:21;44045619.0;1458612381;0.1544322394025455;2;5.3933069061294925e-05;0.003923205165989379;0.003929273084479371;0.05312708220023189
8108383;412.0;2016-03-24 14:56:22;43826618.0;1458831382;0.15366438063181515;11;0.00029663187983712216;0.021685451521721345;0.007889546351084813;0.05688224668862243
8116286;1.0;2016-03-25 19:00:23;43725577.0;1458932423;0.15331011184741067;1;2.6966534530647462e-05;0.0019759602028807987;0.001976284584980237;0.05193351009616141
8123511;1.0;2016-03-27 04:23:27;43605393.0;1459052607;0.15288872409803306;1;2.6966534530647462e-05;0.001981406290731057;0.001984126984126984;0.051795915794130606
8148868;1.0;2016-03-30 22:44:19;43280141.0;1459377859;0.15174832930121665;2;5.3933069061294925e-05;0.003992593277364785;0.004;0.05226169191389834
8163347;1.0;2016-04-01 22:14:43;43109117.0;1459548883;0.15114868693243574;8;0.0002157322762451797;0.016033731333443917;0.004016064257028112;0.05411313333303756
7320633;40.0;2016-04-05 13:47:33;42793947.0;1459864053;0.15004364152729568;1;2.6966534530647462e-05;0.002018977123096404;0.0020202020202020198;0.050862835501631135
8187142;30.0;2016-04-05 20:02:02;42771478.0;1459886522;0.14996486097962905;7;0.00018876574171453227;0.014140264220001938;0.0040404040404040395;0.053402290142072976
8216039;1.0;2016-04-10 00:27:09;42409971.0;1460248029;0.14869734932155254;14;0.0003775314834290645;0.02852159460330685;0.00816326530612245;0.056454581405123196
8240775;3.0;2016-04-13 14:46:43;42099197.0;1460558803;0.14760771712071807;5;0.00013483267265323732;0.010261478384017631;0.004106776180698152;0.051973220984246817
8233708;6.0;2016-04-12 16:26:32;42179608.0;1460478392;0.14788965323796502;2;5.3933069061294925e-05;0.0040967663805694925;0.0020491803278688526;0.050505123825315794
8258707;3.0;2016-04-15 22:50:35;41897365.0;1460760635;0.14690005609901474;1;2.6966534530647462e-05;0.002062182192125925;0.002066115702479339;0.04983365295761173
3385903;13.0;2016-04-18 19:49:53;41649007.0;1461008993;0.14602926615476314;3;8.08996035919424e-05;0.006223437692043895;0.0;0.049733886567826346
8282755;1.0;2016-04-19 22:57:29;41551351.0;1461106649;0.14568686581816906;25;0.0006741633632661866;0.051983869309086966;0.014583333333333334;0.0610406409983874
8296398;1.0;2016-04-21 18:31:48;41394492.0;1461263508;0.14513688860839385;5;0.00013483267265323732;0.010436171073194956;0.0041753653444676405;0.05119587421927733
8327240;1.0;2016-04-26 17:27:10;40966370.0;1461691630;0.1436358122085481;4;0.00010786613812258985;0.008436188024469828;0.002109704641350211;0.049839028101795864
8387137;1.0;2016-05-05 21:34:22;40173938.0;1462484062;0.1408573963044774;2;5.3933069061294925e-05;0.004301296029281471;0.0021551724137931034;0.04822162447708631
8402324;1.0;2016-05-08 18:34:44;39925516.0;1462732484;0.13998638196416674;9;0.00024269881077582719;0.019476266756326955;0.006493506493506494;0.051592223106847315
8421192;36.0;2016-05-11 14:10:08;39682192.0;1462975808;0.13913324217243433;1;2.6966534530647462e-05;0.0021772990766235896;0.002178649237472767;0.047292034513249565
8411966;1.0;2016-05-10 09:00:35;39787165.0;1462870835;0.13950129728971636;2;5.3933069061294925e-05;0.004343109140849819;0.004347826086956522;0.048324723742384876
8465755;1.0;2016-05-18 12:02:52;39085028.0;1463572972;0.13703947266926125;1;2.6966534530647462e-05;0.0022105651299520624;0.0;0.04605499337837843
521024;1.0;2016-06-23 10:08:53;35981467.0;1466676533;0.12615780302233442;105;0.002831486125717984;0.2521297978206392;0.004807692307692308;0.08598402858590393
7198730;101.0;2016-07-26 09:00:28;33134372.0;1469523628;0.11617535149538935;2;5.3933069061294925e-05;0.005215128266200428;0.0052219321148825075;0.04091327150548247
2040766;1.0;2016-10-11 13:30:17;26465383.0;1476192617;0.0927926194733705;1;2.6966534530647462e-05;0.003264641966451043;0.0;0.031481721785831335
1126815;1.0;2017-01-12 02:35:56;18469444.0;1484188556;0.06475735072402791;2;5.3933069061294925e-05;0.009355993607603995;0.0;0.02315859910987529
5469476;1.0;2017-03-10 19:44:47;13482913.0;1489175087;0.04727363346306231;19;0.0005123641560823019;0.12175410462116013;0.0;0.0361783196302347
